library,Hydrog.Exp1.B2,Hydrog.Exp1.B3,Hydrog.Exp1.B4,Hydrog.Exp2.B2,Hydrog.Exp2.B3,Hydrog.Exp2.B4,Hydrog.Exp3.B2,Hydrog.Exp3.B3,Hydrog.Exp3.B4
Hydrog.Exp1.B2,1,0.5805729543716515,0.3456334651213052,0.9709366311844791,0.9719404214779798,0.9327032722188746,0.972280531465553,0.9553487073901429,0.942474365688815
Hydrog.Exp1.B3,0.5805729543716515,1,0.42962204505843604,0.5791610628872255,0.5806354588409178,0.6063574157588331,0.5696728062329913,0.6170284527261728,0.6132769903465684
Hydrog.Exp1.B4,0.3456334651213052,0.42962204505843604,1,0.33504845124297494,0.33813320378259804,0.3693754558362329,0.3323939362179127,0.38386788624523677,0.3747571778670597
Hydrog.Exp2.B2,0.9709366311844791,0.5791610628872255,0.33504845124297494,1,0.9828086843060931,0.9515409796202173,0.9763392537804942,0.9644727510139554,0.9552405648091661
Hydrog.Exp2.B3,0.9719404214779798,0.5806354588409178,0.33813320378259804,0.9828086843060931,1,0.9504804226920938,0.9773757291902586,0.9680484281635958,0.9548532987596157
Hydrog.Exp2.B4,0.9327032722188746,0.6063574157588331,0.3693754558362329,0.9515409796202173,0.9504804226920938,1,0.9334521393581501,0.9556541771824734,0.9594312559021809
Hydrog.Exp3.B2,0.972280531465553,0.5696728062329913,0.3323939362179127,0.9763392537804942,0.9773757291902586,0.9334521393581501,1,0.967270096360734,0.9527165020702191
Hydrog.Exp3.B3,0.9553487073901429,0.6170284527261728,0.38386788624523677,0.9644727510139554,0.9680484281635958,0.9556541771824734,0.967270096360734,1,0.9747513414769488
Hydrog.Exp3.B4,0.942474365688815,0.6132769903465684,0.3747571778670597,0.9552405648091661,0.9548532987596157,0.9594312559021809,0.9527165020702191,0.9747513414769488,1
