gene,log2FoldChange,padj,direction
RSAD2,4.2350037648952314,8.670465695770283e-68,Higher in Embryo
CMPK2,3.108078855217012,2.5189096402254324e-51,Higher in Embryo
ISG15,5.337729228278572,7.1012786647345614e-40,Higher in Embryo
IFI6,4.494654523602672,4.8042244543672697e-45,Higher in Embryo
IFI44,8.447766051975657,1.3420671303477575e-7,Higher in Embryo
IFI44L,6.521255029304687,2.4199392193571813e-33,Higher in Embryo
IFIT1,NA,NA,NA
IFIT2,3.761468524805105,6.647285902800844e-19,Higher in Embryo
OAS1Z,4.90421327400038,1.5871187402067386e-43,Higher in Embryo
MX2,6.285374534281133,4.8042244543672697e-45,Higher in Embryo
STAT1,2.0094970170757107,7.320386421872464e-9,Higher in Embryo
TNFSF10,3.925243521454937,1.0177134406746254e-39,Higher in Embryo
ZBP1,5.7764599259179645,2.1582251576013926e-34,Higher in Embryo
PLAC8,4.5555610298421385,2.632621858856725e-9,Higher in Embryo
PSMA8,5.3151174165277775,6.33214116195827e-5,Higher in Embryo
SFI1,-1.0475532101303673,0.006867759360350837,Lower in Embryo
NRXN1,-1.4333198088334285,0.03140645827465151,Lower in Embryo
KEH36_p01,-1.2197078575480997,0.01892718378512077,Lower in Embryo
