ID,Description,GeneRatio,BgRatio,RichFactor,FoldEnrichment,zScore,pvalue,p.adjust,qvalue,geneID,Count
R-HSA-3560782,Diseases associated with glycosaminoglycan metabolism,3/20,36/7340,0.08333333333333333,30.583333333333332,9.300276838993906,1.1665946132735362e-4,0.007946083059545476,0.005472935700531647,LUM/DCN/FMOD,3
R-HSA-1474244,Extracellular matrix organization,5/20,222/7340,0.02252252252252252,8.265765765765765,5.745883145755867,2.5865844779728367e-4,0.007946083059545476,0.005472935700531647,LUM/DCN/FMOD/CTSV/P4HA1,5
R-HSA-3000178,ECM proteoglycans,3/20,49/7340,0.061224489795918366,22.46938775510204,7.881376086663774,2.9429937257575837e-4,0.007946083059545476,0.005472935700531647,LUM/DCN/FMOD,3
R-HSA-2022857,Keratan sulfate degradation,2/20,13/7340,0.15384615384615385,56.46153846153847,10.461125058701269,5.404189377922528e-4,0.010943483490293119,0.007537422027102474,LUM/FMOD,2
R-HSA-5362517,Signaling by Retinoic Acid,2/20,25/7340,0.08,29.360000000000003,7.424153911946007,0.002038178958586413,0.029759737801620917,0.0204972852954634,PDK1/DHRS9,2
R-HSA-2022854,Keratan sulfate biosynthesis,2/20,26/7340,0.07692307692307693,28.230769230769234,7.270210857446701,0.0022044250223422902,0.029759737801620917,0.0204972852954634,LUM/FMOD,2
R-HSA-1638074,Keratan sulfate/keratin metabolism,2/20,33/7340,0.06060606060606061,22.242424242424242,6.392480258676087,0.0035406613813189452,0.03825605400382361,0.02634919898898833,LUM/FMOD,2
R-HSA-3781865,Diseases of glycosylation,3/20,120/7340,0.025,9.175,4.71940976411653,0.003965339757230863,0.03825605400382361,0.02634919898898833,LUM/DCN/FMOD,3
R-HSA-1630316,Glycosaminoglycan metabolism,3/20,123/7340,0.024390243902439025,8.951219512195122,4.648211144075395,0.004250672667091513,0.03825605400382361,0.02634919898898833,LUM/DCN/FMOD,3
