contrast,ratio,SE,df,lower.CL,upper.CL,null,t.ratio,p.value
Day -3: Cells / No cells,0.8806650156638882,0.1921890591870724,59.24516223263474,0.45952204309198963,1.6877772926749859,1,-0.5823073993901468,1
Day 1: Cells / No cells,0.6853981710691434,0.14891348286092881,59.52278122134913,0.3587086347893283,1.3096162382063252,1,-1.7386794853931082,0.5235685370068454
Day 1: Cells + hormones / No cells,0.6952659403962359,0.16402640116718223,55.04832574600105,0.34340968691757695,1.4076327671883166,1,-1.5406175702398486,0.6456955270750243
Day 1: Cells + hormones / Cells,1.0143971340216738,0.23756361037818458,55.04709001501831,0.5036302655090641,2.0431686020125928,1,0.06103745820073104,1
Day 7: Cells / No cells,0.3941399343550511,0.10238461390894264,96.41540858304776,0.18387046582856306,0.8448680822848711,1,-3.5841684010237955,0.004793502105508412
Day 7: Cells + hormones / No cells,0.8047143075103976,0.197551448932098,63.19647938008173,0.3878321611899395,1.6697045307565297,1,-0.885028374006797,1
Day 7: Cells + hormones / Cells,2.0416969643717726,0.5588395660306497,86.41868357336273,0.9121975336371464,4.569762952223752,1,2.60777013120687,0.0858819417862455
No cells: Day 7 / Day -3,0.6145691194946606,0.07970963504941533,532.0964185222057,0.42313130299740304,0.8926193830636079,1,-3.7535370219498656,0.0019354782064521603
No cells: Day 7 / Day 1,0.7684443254728214,0.10057373361564165,535.3226545362261,0.5272867300766424,1.1198967234877084,1,-2.0124376868646787,0.31271900094015836
Cells: Day 7 / Day -3,0.27504922769262635,0.055702333007880564,427.4599540962159,0.15347582756702105,0.49292503486435907,1,-6.373789943152504,5.73950023287228e-9
Cells: Day 7 / Day 1,0.4418958333736423,0.08323609382496883,458.8601818606138,0.2568903132721268,0.7601373717277231,1,-4.335714914480586,1.965954322838908e-4
Cells + hormones: Day 7 / Day 1,0.8894123921570773,0.10465961210620874,514.2698329851587,0.6338942487938108,1.2479280334658533,1,-0.9959336940656701,1
