Date,Replicate,Day_exp,Hormones,Embryos,Area_um2,Well_group
04.03.24,1,10,Yes,Yes,15079.418,B2
04.03.24,1,10,Yes,Yes,6401.983,B2
04.03.24,1,10,Yes,Yes,13410.214,B2
04.03.24,1,10,Yes,Yes,5589.61,B2
04.03.24,1,10,Yes,Yes,7460.897,B2
04.03.24,1,10,Yes,Yes,7016.315,B2
04.03.24,1,10,Yes,Yes,7210.314,B2
04.03.24,1,10,Yes,Yes,10637.638,B2
04.03.24,1,10,Yes,Yes,16461.664,B2
04.03.24,1,10,Yes,Yes,14562.086,B2
04.03.24,1,10,Yes,Yes,7885.271,B2
04.03.24,1,10,Yes,Yes,4348.822,B2
04.03.24,1,10,Yes,Yes,4829.779,B2
04.03.24,1,10,Yes,Yes,9210.934,B2
04.03.24,1,10,Yes,Yes,21857.275,B2
04.03.24,1,10,Yes,Yes,16000.916,B2
04.03.24,1,10,Yes,Yes,15988.791,B2
04.03.24,1,10,Yes,Yes,10172.848,B2
04.03.24,1,10,Yes,Yes,10977.137,B2
04.03.24,1,10,Yes,Yes,5601.735,B2
04.03.24,1,10,Yes,Yes,26202.055,B2
04.03.24,1,10,Yes,Yes,5326.902,B2
04.03.24,1,10,Yes,Yes,11421.72,B2
04.03.24,1,10,Yes,Yes,12803.966,B2
04.03.24,1,10,Yes,Yes,10572.972,B2
04.03.24,1,10,Yes,Yes,7262.856,B2
04.03.24,1,10,Yes,Yes,29875.92,B2
04.03.24,1,10,Yes,Yes,11409.595,B2
04.03.24,1,10,Yes,Yes,6996.106,B2
04.03.24,1,10,Yes,No,3657.699,B3
04.03.24,1,10,Yes,No,4090.156,B3
04.03.24,1,10,Yes,No,21788.567,B3
04.03.24,1,10,Yes,No,4805.529,B3
04.03.24,1,10,Yes,No,5872.526,B3
04.03.24,1,10,Yes,No,7921.646,B3
04.03.24,1,10,Yes,No,8580.435,B3
04.03.24,1,10,Yes,No,5795.735,B3
04.03.24,1,10,Yes,No,7921.646,B3
04.03.24,1,10,Yes,No,3447.532,B3
04.03.24,1,10,Yes,No,14210.462,B3
04.03.24,1,10,Yes,No,9578.724,B3
04.03.24,1,10,Yes,No,9247.309,B3
04.03.24,1,10,Yes,No,12601.883,B3
04.03.24,1,10,Yes,No,6426.233,B3
04.03.24,1,10,Yes,No,7626.605,B3
04.03.24,1,10,Yes,No,11825.885,B3
04.03.24,1,10,Yes,No,5828.068,B3
04.03.24,1,10,Yes,No,15111.751,B3
04.03.24,1,10,Yes,No,5318.819,B3
04.03.24,1,10,Yes,No,5601.735,B3
04.03.24,1,10,Yes,No,4829.779,B3
04.03.24,1,10,Yes,No,14372.128,B3
04.03.24,1,10,Yes,No,6147.359,B3
04.03.24,1,10,Yes,No,3447.532,B3
04.03.24,1,10,Yes,No,19339.323,B3
04.03.24,1,10,Yes,No,18817.95,B3
04.03.24,1,10,Yes,No,12141.134,B3
04.03.24,1,10,Yes,No,8580.435,B3
04.03.24,1,10,No,No,7295.189,B4
04.03.24,1,10,No,No,5177.361,B4
04.03.24,1,10,No,No,3633.449,B4
04.03.24,1,10,No,No,4829.779,B4
04.03.24,1,10,No,No,7917.604,B4
04.03.24,1,10,No,No,6217.077,B4
04.03.24,1,10,No,No,2315.869,B4
04.03.24,1,10,No,No,4575.154,B4
04.03.24,1,10,No,No,14646.961,B4
04.03.24,1,10,No,No,4263.947,B4
04.03.24,1,10,No,No,5019.737,B4
04.03.24,1,10,No,No,5601.735,B4
04.03.24,1,10,No,No,7626.605,B4
04.03.24,1,10,No,No,38419.981,B4
04.03.24,1,10,No,No,9954.598,B4
04.03.24,1,10,No,No,10290.056,B4
04.03.24,1,10,No,No,13410.214,B4
04.03.24,1,10,No,No,31108.625,B4
04.03.24,1,10,No,No,12104.759,B4
04.03.24,1,10,No,No,5318.819,B4
04.03.24,1,10,No,No,7016.315,B4
04.03.24,1,10,No,No,14170.046,B4
04.03.24,1,10,No,No,5872.526,B4
04.03.24,1,10,No,No,3657.699,B4
04.03.24,1,10,No,No,24715.736,B4
04.03.24,1,10,No,No,9578.724,B4
04.03.24,1,10,No,No,8847.185,B4
04.03.24,1,10,No,No,14226.629,B4
04.03.24,1,10,No,No,10690.18,B4
04.03.24,1,10,Yes,No,26254.597,F2
04.03.24,1,10,Yes,No,12189.634,F2
04.03.24,1,10,Yes,No,13410.214,F2
04.03.24,1,10,Yes,No,4102.281,F2
04.03.24,1,10,Yes,No,11057.971,F2
04.03.24,1,10,Yes,No,3245.45,F2
04.03.24,1,10,Yes,No,4102.281,F2
04.03.24,1,10,Yes,No,8891.643,F2
04.03.24,1,10,Yes,No,5076.32,F2
04.03.24,1,10,Yes,No,23473.937,F2
04.03.24,1,10,Yes,No,7210.314,F2
04.03.24,1,10,Yes,No,9449.391,F2
04.03.24,1,10,Yes,No,4348.822,F2
04.03.24,1,10,Yes,No,22948.522,F2
04.03.24,1,10,Yes,No,3047.409,F2
04.03.24,1,10,Yes,No,4348.822,F2
04.03.24,1,10,Yes,No,4829.779,F2
04.03.24,1,10,Yes,No,7295.189,F2
04.03.24,1,10,Yes,No,5326.902,F2
04.03.24,1,10,Yes,No,9934.39,F2
04.03.24,1,10,Yes,No,6705.107,F2
04.03.24,1,10,Yes,No,2150.161,F2
04.03.24,1,10,Yes,No,6705.107,F2
04.03.24,1,10,Yes,No,12141.134,F2
04.03.24,1,10,Yes,No,6056.421,F2
04.03.24,1,10,Yes,No,5718.943,F2
04.03.24,1,10,Yes,No,4292.239,F2
04.03.24,1,10,Yes,No,1822.787,F2
04.03.24,1,10,Yes,No,8257.103,F3
04.03.24,1,10,Yes,No,8479.394,F3
04.03.24,1,10,Yes,No,18773.492,F3
04.03.24,1,10,Yes,No,13834.588,F3
04.03.24,1,10,Yes,No,7941.854,F3
04.03.24,1,10,Yes,No,13377.881,F3
04.03.24,1,10,Yes,No,6155.442,F3
04.03.24,1,10,Yes,No,8580.435,F3
04.03.24,1,10,Yes,No,12601.883,F3
04.03.24,1,10,Yes,No,6737.44,F3
04.03.24,1,10,Yes,No,14266.035,F3
04.03.24,1,10,Yes,No,6352.473,F3
04.03.24,1,10,Yes,No,3747.625,F3
04.03.24,1,10,Yes,No,21292.454,F3
04.03.24,1,10,Yes,No,16461.664,F3
04.03.24,1,10,No,No,5896.776,F4
04.03.24,1,10,No,No,26763.845,F4
04.03.24,1,10,No,No,5072.278,F4
04.03.24,1,10,No,No,11381.303,F4
04.03.24,1,10,No,No,16348.498,F4
04.03.24,1,10,No,No,25506.89,F4
04.03.24,1,10,No,No,9271.559,F4
04.03.24,1,10,No,No,8847.185,F4
04.03.24,1,10,No,No,7941.854,F4
04.03.24,1,10,No,No,11029.679,F4
04.03.24,1,10,No,No,4595.363,F4
04.03.24,1,10,No,No,8891.643,F4
04.03.24,1,10,No,No,7921.646,F4
04.03.24,1,10,No,No,8580.435,F4
04.03.24,1,10,No,No,9954.598,F4
04.03.24,1,10,No,No,35007.813,F4
04.03.24,1,10,No,No,10572.972,F4
04.03.24,1,10,No,No,8891.643,F4
04.03.24,1,10,Yes,No,9247.309,F5
04.03.24,1,10,Yes,No,23437.562,F5
04.03.24,1,10,Yes,No,11660.177,F5
04.03.24,1,10,Yes,No,12460.425,F5
04.03.24,1,10,Yes,No,10407.264,F5
04.03.24,1,10,Yes,No,21689.546,F5
04.03.24,1,10,Yes,No,9433.225,F5
04.03.24,1,10,Yes,No,5385.506,F5
04.03.24,2,9,Yes,Yes,19808.156,B2
04.03.24,2,9,Yes,Yes,22948.522,B2
04.03.24,2,9,Yes,Yes,7307.314,B2
04.03.24,2,9,Yes,Yes,7460.897,B2
04.03.24,2,9,Yes,Yes,3475.824,B2
04.03.24,2,9,Yes,Yes,8907.81,B2
04.03.24,2,9,Yes,Yes,11781.427,B2
04.03.24,2,9,Yes,Yes,9578.724,B2
04.03.24,2,9,Yes,Yes,10657.847,B2
04.03.24,2,9,Yes,Yes,7448.772,B2
04.03.24,2,9,Yes,Yes,9364.517,B2
04.03.24,2,9,Yes,Yes,2760.451,B2
04.03.24,2,9,Yes,Yes,3892.115,B2
04.03.24,2,9,Yes,Yes,3140.367,B2
04.03.24,2,9,Yes,Yes,3156.533,B2
04.03.24,2,9,Yes,Yes,4348.822,B2
04.03.24,2,9,Yes,Yes,7441.699,B2
04.03.24,2,9,Yes,Yes,4808.56,B2
04.03.24,2,9,Yes,Yes,4852.008,B2
04.03.24,2,9,Yes,No,18866.45,B3
04.03.24,2,9,Yes,No,3572.824,B3
04.03.24,2,9,Yes,No,3766.823,B3
04.03.24,2,9,Yes,No,5017.716,B3
04.03.24,2,9,Yes,No,5537.069,B3
04.03.24,2,9,Yes,No,14788.419,B3
04.03.24,2,9,Yes,No,7553.855,B3
04.03.24,2,9,Yes,No,8076.239,B3
04.03.24,2,9,Yes,No,9434.235,B3
04.03.24,2,9,Yes,No,12584.706,B3
04.03.24,2,9,Yes,No,1960.203,B3
04.03.24,2,9,Yes,No,3447.532,B3
04.03.24,2,9,Yes,No,16655.664,B3
04.03.24,2,9,Yes,No,4090.156,B3
04.03.24,2,9,Yes,No,7541.73,B3
04.03.24,2,9,Yes,No,16849.663,B3
04.03.24,2,9,Yes,No,1325.663,B3
04.03.24,2,9,Yes,No,3997.198,B3
04.03.24,2,9,Yes,No,4538.78,B3
04.03.24,2,9,Yes,No,2974.659,B3
04.03.24,2,9,Yes,No,15847.333,B3
04.03.24,2,9,Yes,No,8891.643,B3
04.03.24,2,9,Yes,No,4575.154,B3
04.03.24,2,9,Yes,No,4757.029,B3
04.03.24,2,9,Yes,No,6996.106,B3
04.03.24,2,9,Yes,No,19315.073,B3
04.03.24,2,9,Yes,No,8257.103,B3
04.03.24,2,9,Yes,No,17835.827,B3
04.03.24,2,9,Yes,No,25737.265,B3
04.03.24,2,9,Yes,No,8006.52,B3
04.03.24,2,9,Yes,No,6858.69,B3
04.03.24,2,9,Yes,No,2990.825,B3
04.03.24,2,9,No,No,14127.608,B4
04.03.24,2,9,No,No,5795.735,B4
04.03.24,2,9,No,No,6433.306,B4
04.03.24,2,9,No,No,6005.901,B4
04.03.24,2,9,No,No,5592.641,B4
04.03.24,2,9,No,No,7785.24,B4
04.03.24,2,9,No,No,12286.634,B4
04.03.24,2,9,No,No,10049.577,B4
04.03.24,2,9,No,No,6019.036,B4
04.03.24,2,9,No,No,4467.04,B4
04.03.24,2,9,No,No,4094.197,B4
04.03.24,2,9,No,No,11416.667,B4
04.03.24,2,9,No,No,3605.157,B4
04.03.24,2,9,No,No,30053.753,B4
04.03.24,2,9,No,No,11243.887,B4
04.03.24,2,9,No,No,2860.482,B4
04.03.24,2,9,No,No,5274.361,B4
04.03.24,2,9,No,No,7477.063,B4
04.03.24,2,9,No,No,9426.152,B4
04.03.24,2,9,No,No,9434.235,B4
04.03.24,2,9,No,No,7310.345,B4
04.03.24,2,9,No,No,19293.855,B4
04.03.24,2,9,Yes,No,9271.559,F2
04.03.24,2,9,Yes,No,5872.526,F2
04.03.24,2,9,Yes,No,12189.634,F2
04.03.24,2,9,Yes,No,2671.535,F2
04.03.24,2,9,Yes,No,2429.035,F2
04.03.24,2,9,Yes,No,8269.228,F2
04.03.24,2,9,Yes,No,10172.848,F2
04.03.24,2,9,Yes,No,8232.853,F2
04.03.24,2,9,Yes,No,11320.678,F2
04.03.24,2,9,Yes,No,16930.497,F2
04.03.24,2,9,Yes,No,10318.347,F2
04.03.24,2,9,Yes,No,5718.943,F2
04.03.24,2,9,Yes,No,3053.471,F2
04.03.24,2,9,Yes,No,18817.95,F2
04.03.24,2,9,Yes,No,12254.301,F2
04.03.24,2,9,Yes,No,3253.533,F2
04.03.24,2,9,Yes,No,1822.787,F2
04.03.24,2,9,Yes,No,5595.673,F2
04.03.24,2,9,Yes,No,22006.816,F2
04.03.24,2,9,Yes,No,6433.306,F2
04.03.24,2,9,Yes,No,2677.597,F2
04.03.24,2,9,Yes,No,18646.179,F2
04.03.24,2,9,Yes,No,22871.731,F2
04.03.24,2,9,Yes,No,7735.729,F2
04.03.24,2,9,Yes,No,11029.679,F2
04.03.24,2,9,Yes,No,12856.507,F3
04.03.24,2,9,Yes,No,1933.932,F3
04.03.24,2,9,Yes,No,6187.775,F3
04.03.24,2,9,Yes,No,1204.413,F3
04.03.24,2,9,Yes,No,1613.631,F3
04.03.24,2,9,Yes,No,4467.04,F3
04.03.24,2,9,Yes,No,28842.267,F3
04.03.24,2,9,Yes,No,1505.517,F3
04.03.24,2,9,Yes,No,8775.445,F3
04.03.24,2,9,Yes,No,7093.106,F3
04.03.24,2,9,Yes,No,1608.579,F3
04.03.24,2,9,Yes,No,2477.535,F3
04.03.24,2,9,Yes,No,2651.326,F3
04.03.24,2,9,Yes,No,31755.29,F3
04.03.24,2,9,Yes,No,5718.943,F3
04.03.24,2,9,Yes,No,21493.526,F3
04.03.24,2,9,Yes,No,16849.663,F3
04.03.24,2,9,Yes,No,16930.497,F3
04.03.24,2,9,Yes,No,27374.135,F3
04.03.24,2,9,Yes,No,4061.864,F3
04.03.24,2,9,Yes,No,26816.387,F3
04.03.24,2,9,Yes,No,6676.816,F3
04.03.24,2,9,Yes,No,10637.638,F3
04.03.24,2,9,Yes,No,34337.908,F3
04.03.24,2,9,Yes,No,6155.442,F3
04.03.24,2,9,Yes,No,7016.315,F3
04.03.24,2,9,Yes,No,4102.281,F3
04.03.24,2,9,Yes,No,7885.271,F3
04.03.24,2,9,Yes,No,2974.659,F3
04.03.24,2,9,Yes,No,4102.281,F3
04.03.24,2,9,Yes,No,1814.703,F3
04.03.24,2,9,Yes,No,2598.785,F3
04.03.24,2,9,Yes,No,5549.194,F3
04.03.24,2,9,Yes,No,1822.787,F3
04.03.24,2,9,No,No,2497.743,F4
04.03.24,2,9,No,No,7307.314,F4
04.03.24,2,9,No,No,6705.107,F4
04.03.24,2,9,No,No,5872.526,F4
04.03.24,2,9,No,No,20697.32,F4
04.03.24,2,9,No,No,3047.409,F4
04.03.24,2,9,No,No,54485.563,F4
04.03.24,2,9,No,No,6600.024,F4
04.03.24,2,9,No,No,6600.024,F4
04.03.24,2,9,No,No,7295.189,F4
04.03.24,2,9,No,No,36512.319,F4
04.03.24,2,9,No,No,16433.373,F4
11.03.24,3,9,Yes,Yes,4185.374,B2
11.03.24,3,9,Yes,Yes,7449.623,B2
11.03.24,3,9,Yes,Yes,1854.343,B2
11.03.24,3,9,Yes,Yes,1934.967,B2
11.03.24,3,9,Yes,Yes,3200.758,B2
11.03.24,3,9,Yes,Yes,3881.02,B2
11.03.24,3,9,Yes,No,2309.867,B3
11.03.24,3,9,Yes,No,3164.477,B3
11.03.24,3,9,Yes,No,2029.7,B3
11.03.24,3,9,Yes,No,4271.036,B3
11.03.24,3,9,No,No,27008.914,B4
11.03.24,3,9,No,No,10386.338,B4
11.03.24,3,9,No,No,6840.914,B4
11.03.24,3,9,No,No,4051.337,B4
11.03.24,3,9,No,No,4160.179,B4
11.03.24,3,9,No,No,5927.852,B4
11.03.24,3,9,No,No,6396.477,B4
11.03.24,3,9,Yes,No,5687.997,F2
11.03.24,3,9,Yes,No,4224.678,F2
11.03.24,3,9,Yes,No,4220.647,F2
11.03.24,3,9,Yes,No,4450.424,F2
11.03.24,3,9,Yes,No,3815.513,F2
11.03.24,3,9,Yes,No,4232.74,F2
11.03.24,3,9,Yes,No,2136.526,F2
11.03.24,3,9,Yes,No,2993.152,F2
11.03.24,3,9,Yes,No,1713.252,F3
11.03.24,3,9,Yes,No,10158.576,F3
11.03.24,3,9,Yes,No,10073.922,F3
11.03.24,3,9,Yes,No,2019.622,F3
11.03.24,3,9,Yes,No,2386.459,F3
11.03.24,3,9,Yes,No,3253.163,F3
11.03.24,3,9,Yes,No,9642.585,F3
11.03.24,3,9,Yes,No,2797.64,F3
11.03.24,3,9,Yes,No,3934.433,F3
11.03.24,3,9,Yes,No,4853.542,F3
11.03.24,3,9,Yes,No,3686.515,F3
11.03.24,3,9,Yes,No,1194.237,F3
11.03.24,3,9,Yes,No,3696.593,F3
11.03.24,3,9,Yes,No,7291.399,F3
11.03.24,3,9,Yes,No,3068.737,F3
11.03.24,3,9,Yes,No,1707.205,F3
11.03.24,3,9,Yes,No,2487.239,F3
11.03.24,3,9,Yes,No,3845.747,F3
11.03.24,3,9,Yes,No,1568.129,F3
11.03.24,3,9,Yes,No,1943.029,F3
11.03.24,3,9,Yes,No,5200.224,F5
11.03.24,3,9,Yes,No,8969.378,F5
11.03.24,3,9,Yes,No,3509.143,F5
11.03.24,3,9,Yes,No,4285.146,F5
11.03.24,3,9,Yes,No,2132.495,F5
11.03.24,3,9,Yes,No,1808.993,F5
11.03.24,3,9,Yes,No,2471.114,F5
11.03.24,3,9,Yes,No,4127.929,F5
11.03.24,3,9,Yes,No,2833.92,F5
11.03.24,3,9,Yes,No,5004.711,F5
11.03.24,3,9,Yes,No,1177.105,F5
11.03.24,3,9,Yes,No,2854.076,F5
02.03.24,1,8,Yes,Yes,8580.435,B2
02.03.24,1,8,Yes,Yes,18773.492,B2
02.03.24,1,8,Yes,Yes,11409.595,B2
02.03.24,1,8,Yes,Yes,5326.902,B2
02.03.24,1,8,Yes,Yes,5072.278,B2
02.03.24,1,8,Yes,Yes,15540.167,B2
02.03.24,1,8,Yes,Yes,12189.634,B2
02.03.24,1,8,Yes,Yes,8907.81,B2
02.03.24,1,8,Yes,Yes,8907.81,B2
02.03.24,1,8,Yes,Yes,11057.971,B2
02.03.24,1,8,Yes,Yes,8891.643,B2
02.03.24,1,8,Yes,Yes,7376.022,B2
02.03.24,1,8,Yes,Yes,15515.917,B2
02.03.24,1,8,Yes,Yes,13026.257,B2
02.03.24,1,8,Yes,Yes,5872.526,B2
02.03.24,1,8,Yes,Yes,6996.106,B2
02.03.24,1,8,Yes,Yes,9922.265,B2
02.03.24,1,8,Yes,Yes,15111.751,B2
02.03.24,1,8,Yes,Yes,6038.234,B2
02.03.24,1,8,Yes,Yes,15548.25,B2
02.03.24,1,8,Yes,Yes,5601.735,B2
02.03.24,1,8,Yes,Yes,28024.842,B2
02.03.24,1,8,Yes,Yes,10290.056,B2
02.03.24,1,8,Yes,Yes,24027.644,B2
02.03.24,1,8,Yes,Yes,14226.629,B2
02.03.24,1,8,Yes,Yes,11409.595,B2
02.03.24,1,8,Yes,Yes,9578.724,B2
02.03.24,1,8,Yes,Yes,7941.854,B2
02.03.24,1,8,Yes,Yes,20826.653,B2
02.03.24,1,8,Yes,Yes,10318.347,B2
02.03.24,1,8,Yes,Yes,1814.703,B2
02.03.24,1,8,Yes,Yes,9578.724,B2
02.03.24,1,8,Yes,Yes,6426.233,B2
02.03.24,1,8,Yes,Yes,14954.127,B2
02.03.24,1,8,Yes,No,23191.021,B3
02.03.24,1,8,Yes,No,9761.609,B3
02.03.24,1,8,Yes,No,23328.438,B3
02.03.24,1,8,Yes,No,5186.455,B3
02.03.24,1,8,Yes,No,32087.717,B3
02.03.24,1,8,Yes,No,29252.495,B3
02.03.24,1,8,Yes,No,26990.178,B3
02.03.24,1,8,Yes,No,8742.102,B3
02.03.24,1,8,Yes,No,2447.223,B3
02.03.24,1,8,Yes,No,12312.905,B3
02.03.24,1,8,Yes,No,7093.106,B3
02.03.24,1,8,Yes,No,6650.545,B3
02.03.24,1,8,Yes,No,19315.073,B3
02.03.24,1,8,Yes,No,4841.904,B3
02.03.24,1,8,Yes,No,2857.451,B3
02.03.24,1,8,Yes,No,11066.054,B3
02.03.24,1,8,Yes,No,12286.634,B3
02.03.24,1,8,Yes,No,26119.201,B3
02.03.24,1,8,Yes,No,7553.855,B3
02.03.24,1,8,Yes,No,6650.545,B3
02.03.24,1,8,Yes,No,9995.015,B3
02.03.24,1,8,Yes,No,1933.932,B3
02.03.24,1,8,Yes,No,7535.667,B3
02.03.24,1,8,Yes,No,6019.036,B3
02.03.24,1,8,Yes,No,9247.309,B3
02.03.24,1,8,Yes,No,14874.304,B3
02.03.24,1,8,Yes,No,11724.844,B3
02.03.24,1,8,Yes,No,15445.188,B3
02.03.24,1,8,Yes,No,20109.259,B3
02.03.24,1,8,Yes,No,15537.136,B3
02.03.24,1,8,Yes,No,19557.573,B3
02.03.24,1,8,No,No,8232.853,B4
02.03.24,1,8,No,No,8257.103,B4
02.03.24,1,8,No,No,5549.194,B4
02.03.24,1,8,No,No,7295.189,B4
02.03.24,1,8,No,No,3623.345,B4
02.03.24,1,8,No,No,7310.345,B4
02.03.24,1,8,No,No,8232.853,B4
02.03.24,1,8,No,No,4603.446,B4
02.03.24,1,8,No,No,3910.302,B4
02.03.24,1,8,No,No,8451.102,B4
02.03.24,1,8,No,No,9491.829,B4
02.03.24,1,8,No,No,41988.763,B4
02.03.24,1,8,No,No,14141.754,B4
02.03.24,1,8,No,No,30649.897,B4
02.03.24,1,8,No,No,3157.544,B4
02.03.24,1,8,No,No,20436.633,B4
02.03.24,1,8,No,No,4094.197,B4
02.03.24,1,8,No,No,9869.724,B4
02.03.24,1,8,No,No,3431.366,B4
02.03.24,1,8,No,No,7535.667,B4
02.03.24,1,8,No,No,12004.728,B4
02.03.24,1,8,No,No,10317.337,B4
02.03.24,1,8,Yes,No,6005.901,F2
02.03.24,1,8,Yes,No,12977.757,F2
02.03.24,1,8,Yes,No,18264.243,F2
02.03.24,1,8,Yes,No,28930.173,F2
02.03.24,1,8,Yes,No,21145.944,F2
02.03.24,1,8,Yes,No,1370.121,F2
02.03.24,1,8,Yes,No,4348.822,F2
02.03.24,1,8,Yes,No,15515.917,F2
02.03.24,1,8,Yes,No,27467.093,F2
02.03.24,1,8,Yes,No,25713.015,F2
02.03.24,1,8,Yes,No,5262.236,F2
02.03.24,1,8,Yes,No,16453.581,F2
02.03.24,1,8,Yes,No,7477.063,F2
02.03.24,1,8,Yes,No,7315.397,F2
02.03.24,1,8,Yes,No,18757.325,F2
02.03.24,1,8,Yes,No,20833.726,F2
02.03.24,1,8,Yes,No,10657.847,F2
02.03.24,1,8,Yes,No,3447.532,F2
02.03.24,1,8,Yes,No,1325.663,F2
02.03.24,1,8,Yes,No,10128.39,F2
02.03.24,1,8,Yes,No,5581.527,F2
02.03.24,1,8,Yes,No,3047.409,F2
02.03.24,1,8,Yes,No,1988.495,F2
02.03.24,1,8,Yes,No,7016.315,F2
02.03.24,1,8,Yes,No,5326.902,F2
02.03.24,1,8,Yes,No,11243.887,F2
02.03.24,1,8,Yes,No,1762.162,F2
02.03.24,1,8,Yes,No,3568.782,F2
02.03.24,1,8,Yes,No,10508.305,F2
02.03.24,1,8,Yes,No,18124.806,F3
02.03.24,1,8,Yes,No,15747.302,F3
02.03.24,1,8,Yes,No,8006.52,F3
02.03.24,1,8,Yes,No,13221.267,F3
02.03.24,1,8,Yes,No,8420.79,F3
02.03.24,1,8,Yes,No,7731.688,F3
02.03.24,1,8,Yes,No,7310.345,F3
02.03.24,1,8,Yes,No,4603.446,F3
02.03.24,1,8,Yes,No,8509.706,F3
02.03.24,1,8,Yes,No,12997.965,F3
02.03.24,1,8,Yes,No,5076.32,F3
02.03.24,1,8,Yes,No,12189.634,F3
02.03.24,1,8,Yes,No,17334.662,F3
02.03.24,1,8,Yes,No,10374.931,F3
02.03.24,1,8,Yes,No,6426.233,F3
02.03.24,1,8,Yes,No,7553.855,F3
02.03.24,1,8,Yes,No,2315.869,F3
02.03.24,1,8,No,No,4645.883,F4
02.03.24,1,8,No,No,9761.609,F4
02.03.24,1,8,No,No,31549.166,F4
02.03.24,1,8,No,No,21794.629,F4
02.03.24,1,8,No,No,13200.048,F4
02.03.24,1,8,No,No,20825.642,F4
02.03.24,1,8,No,No,12496.8,F4
02.03.24,1,8,No,No,9491.829,F4
02.03.24,1,8,No,No,20825.642,F4
02.03.24,1,8,No,No,29078.704,F4
02.03.24,1,8,No,No,30005.253,F4
02.03.24,1,8,No,No,11670.281,F4
02.03.24,1,8,No,No,20074.905,F4
02.03.24,1,8,No,No,41152.14,F4
02.03.24,1,8,No,No,32533.309,F4
02.03.24,1,8,No,No,25530.13,F4
02.03.24,1,8,No,No,47400.54,F4
02.03.24,1,8,No,No,29077.693,F4
02.03.24,1,8,No,No,33117.328,F4
02.03.24,1,8,No,No,10585.097,F4
02.03.24,1,8,No,No,18816.939,F4
02.03.24,1,8,No,No,21220.714,F4
02.03.24,1,8,No,No,20074.905,F4
02.03.24,1,8,No,No,24403.518,F4
02.03.24,1,8,No,No,7776.146,F4
02.03.24,1,8,No,No,14099.317,F4
02.03.24,1,8,No,No,23191.021,F4
02.03.24,1,8,Yes,No,13768.911,F5
02.03.24,1,8,Yes,No,21857.275,F5
02.03.24,1,8,Yes,No,10595.201,F5
02.03.24,1,8,Yes,No,13503.172,F5
02.03.24,1,8,Yes,No,12496.8,F5
02.03.24,1,8,Yes,No,11724.844,F5
02.03.24,1,8,Yes,No,7606.396,F5
02.03.24,1,8,Yes,No,4955.07,F5
02.03.24,1,8,Yes,No,10100.098,F5
02.03.24,2,7,Yes,Yes,4575.154,B2
02.03.24,2,7,Yes,Yes,10290.056,B2
02.03.24,2,7,Yes,Yes,2671.535,B2
02.03.24,2,7,Yes,Yes,2671.535,B2
02.03.24,2,7,Yes,Yes,6401.983,B2
02.03.24,2,7,Yes,Yes,35651.447,B2
02.03.24,2,7,Yes,Yes,3209.075,B2
02.03.24,2,7,Yes,Yes,9954.598,B2
02.03.24,2,7,Yes,Yes,34996.698,B2
02.03.24,2,7,Yes,Yes,8907.81,B2
02.03.24,2,7,Yes,Yes,7885.271,B2
02.03.24,2,7,Yes,Yes,17334.662,B2
02.03.24,2,7,Yes,Yes,7921.646,B2
02.03.24,2,7,Yes,Yes,12601.883,B2
02.03.24,2,7,Yes,Yes,2974.659,B2
02.03.24,2,7,Yes,Yes,9954.598,B2
02.03.24,2,7,Yes,Yes,8531.936,B2
02.03.24,2,7,Yes,Yes,19808.156,B2
02.03.24,2,7,Yes,Yes,14226.629,B2
02.03.24,2,7,Yes,Yes,4829.779,B2
02.03.24,2,7,Yes,Yes,3390.949,B2
02.03.24,2,7,Yes,Yes,3431.366,B2
02.03.24,2,7,Yes,Yes,3261.616,B2
02.03.24,2,7,Yes,Yes,4102.281,B2
02.03.24,2,7,Yes,No,20402.279,B3
02.03.24,2,7,Yes,No,2074.38,B3
02.03.24,2,7,Yes,No,2050.13,B3
02.03.24,2,7,Yes,No,1581.298,B3
02.03.24,2,7,Yes,No,8016.624,B3
02.03.24,2,7,Yes,No,9501.933,B3
02.03.24,2,7,Yes,No,9761.609,B3
02.03.24,2,7,Yes,No,5322.861,B3
02.03.24,2,7,Yes,No,8451.102,B3
02.03.24,2,7,Yes,No,7931.75,B3
02.03.24,2,7,Yes,No,5761.38,B3
02.03.24,2,7,Yes,No,2715.993,B3
02.03.24,2,7,Yes,No,4048.729,B3
02.03.24,2,7,Yes,No,10049.577,B3
02.03.24,2,7,Yes,No,4461.988,B3
02.03.24,2,7,Yes,No,10049.577,B3
02.03.24,2,7,Yes,No,2246.15,B3
02.03.24,2,7,Yes,No,17379.12,B3
02.03.24,2,7,Yes,No,8580.435,B3
02.03.24,2,7,Yes,No,7295.189,B3
02.03.24,2,7,Yes,No,5326.902,B3
02.03.24,2,7,Yes,No,6935.482,B3
02.03.24,2,7,Yes,No,1531.788,B3
02.03.24,2,7,Yes,No,6996.106,B3
02.03.24,2,7,Yes,No,18296.576,B3
02.03.24,2,7,Yes,No,1988.495,B3
02.03.24,2,7,Yes,No,3431.366,B3
02.03.24,2,7,Yes,No,4348.822,B3
02.03.24,2,7,Yes,No,1543.913,B3
02.03.24,2,7,Yes,No,9922.265,B3
02.03.24,2,7,Yes,No,3896.156,B3
02.03.24,2,7,Yes,No,16930.497,B3
02.03.24,2,7,Yes,No,8188.395,B3
02.03.24,2,7,Yes,No,13834.588,B3
02.03.24,2,7,No,No,4805.529,B4
02.03.24,2,7,No,No,4328.613,B4
02.03.24,2,7,No,No,20268.904,B4
02.03.24,2,7,No,No,16388.915,B4
02.03.24,2,7,No,No,7295.189,B4
02.03.24,2,7,No,No,6106.942,B4
02.03.24,2,7,No,No,9598.933,B4
02.03.24,2,7,No,No,2671.535,B4
02.03.24,2,7,No,No,7626.605,B4
02.03.24,2,7,No,No,6401.983,B4
02.03.24,2,7,No,No,5589.61,B4
02.03.24,2,7,No,No,3390.949,B4
02.03.24,2,7,No,No,7921.646,B4
02.03.24,2,7,No,No,4575.154,B4
02.03.24,2,7,No,No,4090.156,B4
02.03.24,2,7,No,No,5828.068,B4
02.03.24,2,7,No,No,5601.735,B4
02.03.24,2,7,No,No,6401.983,B4
02.03.24,2,7,Yes,No,3245.45,F2
02.03.24,2,7,Yes,No,14646.961,F2
02.03.24,2,7,Yes,No,8907.81,F2
02.03.24,2,7,Yes,No,18296.576,F2
02.03.24,2,7,Yes,No,7626.605,F2
02.03.24,2,7,Yes,No,24581.351,F2
02.03.24,2,7,Yes,No,15988.791,F2
02.03.24,2,7,Yes,No,8580.435,F2
02.03.24,2,7,Yes,No,15932.208,F2
02.03.24,2,7,Yes,No,6935.482,F2
02.03.24,2,7,Yes,No,6106.942,F2
02.03.24,2,7,Yes,No,2287.577,F2
02.03.24,2,7,Yes,No,12104.759,F2
02.03.24,2,7,Yes,No,9598.933,F2
02.03.24,2,7,Yes,No,6705.107,F2
02.03.24,2,7,Yes,No,2804.909,F2
02.03.24,2,7,Yes,No,12601.883,F2
02.03.24,2,7,Yes,No,8766.352,F2
02.03.24,2,7,Yes,No,3245.45,F2
02.03.24,2,7,Yes,No,5795.735,F3
02.03.24,2,7,Yes,No,9740.391,F3
02.03.24,2,7,Yes,No,2101.661,F3
02.03.24,2,7,Yes,No,2841.284,F3
02.03.24,2,7,Yes,No,2651.326,F3
02.03.24,2,7,Yes,No,2671.535,F3
02.03.24,2,7,Yes,No,15079.418,F3
02.03.24,2,7,Yes,No,2651.326,F3
02.03.24,2,7,Yes,No,4328.613,F3
02.03.24,2,7,Yes,No,1988.495,F3
02.03.24,2,7,Yes,No,15548.25,F3
02.03.24,2,7,Yes,No,5318.819,F3
02.03.24,2,7,Yes,No,1531.788,F3
02.03.24,2,7,Yes,No,2429.035,F3
02.03.24,2,7,Yes,No,3245.45,F3
02.03.24,2,7,Yes,No,5072.278,F3
02.03.24,2,7,Yes,No,2315.869,F3
02.03.24,2,7,Yes,No,3047.409,F3
02.03.24,2,7,Yes,No,4757.029,F3
02.03.24,2,7,Yes,No,3209.075,F3
02.03.24,2,7,Yes,No,4348.822,F3
02.03.24,2,7,Yes,No,2598.785,F3
02.03.24,2,7,Yes,No,11381.303,F3
02.03.24,2,7,Yes,No,2804.909,F3
02.03.24,2,7,No,No,38937.313,F4
02.03.24,2,7,No,No,7295.189,F4
02.03.24,2,7,No,No,9578.724,F4
02.03.24,2,7,No,No,12601.883,F4
02.03.24,2,7,No,No,3657.699,F4
02.03.24,2,7,No,No,4805.529,F4
02.03.24,2,7,No,No,46487.126,F4
02.03.24,2,7,No,No,6155.442,F4
02.03.24,2,7,Yes,No,3051.45,F6
02.03.24,2,7,Yes,No,3657.699,F6
02.03.24,2,7,Yes,No,6996.106,F6
02.03.24,2,7,Yes,No,3140.367,F6
02.03.24,2,7,Yes,No,3934.552,F6
02.03.24,2,7,Yes,No,2857.451,F6
09.03.24,3,7,Yes,Yes,5064.117,B2
09.03.24,3,7,Yes,Yes,1268.045,B2
09.03.24,3,7,Yes,Yes,42262.795,B2
09.03.24,3,7,Yes,Yes,11283.384,B2
09.03.24,3,7,Yes,Yes,2580.442,B2
09.03.24,3,7,Yes,Yes,5068.149,B2
09.03.24,3,7,Yes,Yes,4318.208,B2
09.03.24,3,7,Yes,Yes,9934.7,B2
09.03.24,3,7,Yes,Yes,3463.436,B2
09.03.24,3,7,Yes,Yes,5984.407,B2
09.03.24,3,7,Yes,Yes,3326.351,B2
09.03.24,3,7,Yes,Yes,5713.259,B2
09.03.24,3,7,Yes,Yes,4007.748,B2
09.03.24,3,7,Yes,No,6766.338,B3
09.03.24,3,7,Yes,No,1754.572,B3
09.03.24,3,7,Yes,No,616.771,B3
09.03.24,3,7,Yes,No,3095.947,B3
09.03.24,3,7,Yes,No,3769.154,B3
09.03.24,3,7,No,No,8465.48,B4
09.03.24,3,7,No,No,1703.174,B4
09.03.24,3,7,No,No,1501.615,B4
09.03.24,3,7,No,No,1483.475,B4
09.03.24,3,7,No,No,5173.013,B4
09.03.24,3,7,No,No,23417.131,B4
09.03.24,3,7,No,No,7901.115,B4
09.03.24,3,7,No,No,5305.034,B4
09.03.24,3,7,No,No,6659.511,B4
09.03.24,3,7,No,No,3422.473,B4
09.03.24,3,7,Yes,No,7606.839,F2
09.03.24,3,7,Yes,No,16096.506,F2
09.03.24,3,7,Yes,No,6977.975,F2
09.03.24,3,7,Yes,No,3789.31,F2
09.03.24,3,7,Yes,No,4220.647,F2
09.03.24,3,7,Yes,No,4942.228,F2
09.03.24,3,7,Yes,No,4091.649,F2
09.03.24,3,7,Yes,No,5546.905,F3
09.03.24,3,7,Yes,No,3757.061,F3
09.03.24,3,7,Yes,No,3958.62,F3
09.03.24,3,7,Yes,No,1955.123,F3
09.03.24,3,7,Yes,No,2491.27,F3
09.03.24,3,7,Yes,No,2271.571,F3
09.03.24,3,7,Yes,No,2821.827,F3
09.03.24,3,7,Yes,No,1302.072,F3
09.03.24,3,7,Yes,No,2799.655,F3
09.03.24,3,7,Yes,No,2706.938,F3
09.03.24,3,7,Yes,No,3482.94,F3
09.03.24,3,7,Yes,No,1858.374,F3
09.03.24,3,7,Yes,No,2136.526,F3
09.03.24,3,7,Yes,No,3453.714,F3
09.03.24,3,7,Yes,No,4025.134,F3
09.03.24,3,7,No,No,3769.154,F4
09.03.24,3,7,No,No,3237.038,F4
09.03.24,3,7,No,No,1821.086,F4
09.03.24,3,7,No,No,3341.849,F4
09.03.24,3,7,No,No,4696.326,F4
09.03.24,3,7,No,No,4462.518,F4
09.03.24,3,7,No,No,5309.066,F4
09.03.24,3,7,No,No,4238.787,F4
09.03.24,3,7,No,No,4162.195,F4
09.03.24,3,7,No,No,7429.467,F4
09.03.24,3,7,No,No,2055.902,F4
09.03.24,3,7,Yes,No,3245.101,F5
09.03.24,3,7,Yes,No,2652.517,F5
09.03.24,3,7,Yes,No,1588.285,F5
09.03.24,3,7,Yes,No,4152.117,F5
09.03.24,3,7,Yes,No,1891.632,F5
09.03.24,3,7,Yes,No,2055.902,F5
09.03.24,3,7,Yes,No,2069.004,F5
09.03.24,3,7,Yes,No,6694.784,F5
09.03.24,3,7,Yes,No,4901.916,F5
09.03.24,3,7,Yes,No,2241.337,F5
09.03.24,3,7,Yes,No,2316.921,F5
09.03.24,3,7,Yes,No,3833.653,F5
09.03.24,3,7,Yes,No,4192.428,F5
09.03.24,3,7,Yes,No,5998.398,F5
09.03.24,3,7,Yes,No,6284.611,F5
09.03.24,3,7,Yes,No,4455.463,F5
09.03.24,3,7,Yes,No,2009.544,F5
09.03.24,3,7,Yes,No,1235.557,F5
09.03.24,3,7,Yes,No,4091.649,F5
27.02.24,1,4,Yes,Yes,16461.664,B2
27.02.24,1,4,Yes,Yes,9247.309,B2
27.02.24,1,4,Yes,Yes,5076.32,B2
27.02.24,1,4,Yes,Yes,6155.442,B2
27.02.24,1,4,Yes,Yes,6935.482,B2
27.02.24,1,4,Yes,Yes,7626.605,B2
27.02.24,1,4,Yes,Yes,8907.81,B2
27.02.24,1,4,Yes,Yes,8580.435,B2
27.02.24,1,4,Yes,Yes,25122.933,B2
27.02.24,1,4,Yes,Yes,9954.598,B2
27.02.24,1,4,Yes,Yes,13264.715,B2
27.02.24,1,4,Yes,Yes,14170.046,B2
27.02.24,1,4,Yes,Yes,5549.194,B2
27.02.24,1,4,Yes,Yes,13026.257,B2
27.02.24,1,4,Yes,Yes,15111.751,B2
27.02.24,1,4,Yes,Yes,22350.357,B2
27.02.24,1,4,Yes,Yes,12581.675,B2
27.02.24,1,4,Yes,Yes,11118.595,B2
27.02.24,1,4,Yes,Yes,2804.909,B2
27.02.24,1,4,Yes,Yes,9958.64,B2
27.02.24,1,4,Yes,Yes,31698.707,B2
27.02.24,1,4,Yes,Yes,6155.442,B2
27.02.24,1,4,Yes,Yes,26295.013,B2
27.02.24,1,4,Yes,Yes,25713.015,B2
27.02.24,1,4,Yes,Yes,12581.675,B2
27.02.24,1,4,Yes,Yes,16388.915,B2
27.02.24,1,4,Yes,Yes,9247.309,B2
27.02.24,1,4,Yes,Yes,8580.435,B2
27.02.24,1,4,Yes,Yes,15079.418,B2
27.02.24,1,4,Yes,Yes,4328.613,B2
27.02.24,1,4,Yes,Yes,2032.953,B2
27.02.24,1,4,Yes,Yes,19214.032,B2
27.02.24,1,4,Yes,Yes,13721.422,B2
27.02.24,1,4,Yes,Yes,14671.211,B2
27.02.24,1,4,Yes,Yes,4575.154,B2
27.02.24,1,4,Yes,Yes,5601.735,B2
27.02.24,1,4,Yes,Yes,5828.068,B2
27.02.24,1,4,Yes,No,10318.347,B3
27.02.24,1,4,Yes,No,9247.309,B3
27.02.24,1,4,Yes,No,6147.359,B3
27.02.24,1,4,Yes,No,15111.751,B3
27.02.24,1,4,Yes,No,2477.535,B3
27.02.24,1,4,Yes,No,14646.961,B3
27.02.24,1,4,Yes,No,13826.505,B3
27.02.24,1,4,Yes,No,29148.422,B3
27.02.24,1,4,Yes,No,5072.278,B3
27.02.24,1,4,Yes,No,6147.359,B3
27.02.24,1,4,Yes,No,3855.74,B3
27.02.24,1,4,Yes,No,7828.687,B3
27.02.24,1,4,Yes,No,2671.535,B3
27.02.24,1,4,Yes,No,28028.884,B3
27.02.24,1,4,Yes,No,2315.869,B3
27.02.24,1,4,Yes,No,3447.532,B3
27.02.24,1,4,Yes,No,3245.45,B3
27.02.24,1,4,Yes,No,5601.735,B3
27.02.24,1,4,No,No,9376.642,B4
27.02.24,1,4,No,No,9491.829,B4
27.02.24,1,4,No,No,29078.704,B4
27.02.24,1,4,No,No,2061.245,B4
27.02.24,1,4,No,No,5592.641,B4
27.02.24,1,4,No,No,9761.609,B4
27.02.24,1,4,No,No,12286.634,B4
27.02.24,1,4,No,No,8564.269,B4
27.02.24,1,4,No,No,13200.048,B4
27.02.24,1,4,No,No,15118.824,B4
27.02.24,1,4,No,No,8016.624,B4
27.02.24,1,4,No,No,7054.71,B4
27.02.24,1,4,No,No,13501.151,B4
27.02.24,1,4,No,No,1948.078,B4
27.02.24,1,4,No,No,6352.473,B4
27.02.24,1,4,No,No,11995.635,B4
27.02.24,1,4,No,No,12888.841,B4
27.02.24,1,4,No,No,9491.829,B4
27.02.24,1,4,No,No,25716.046,B4
27.02.24,1,4,No,No,11984.52,B4
27.02.24,1,4,No,No,4772.185,B4
27.02.24,1,4,No,No,3450.564,B4
27.02.24,1,4,No,No,12286.634,B4
27.02.24,1,4,No,No,10585.097,B4
27.02.24,1,4,Yes,No,26586.012,F2
27.02.24,1,4,Yes,No,10900.346,F2
27.02.24,1,4,Yes,No,41240.046,F2
27.02.24,1,4,Yes,No,20753.903,F2
27.02.24,1,4,Yes,No,8580.435,F2
27.02.24,1,4,Yes,No,9005.82,F2
27.02.24,1,4,Yes,No,31116.709,F2
27.02.24,1,4,Yes,No,14353.941,F2
27.02.24,1,4,Yes,No,33032.454,F2
27.02.24,1,4,Yes,No,4613.55,F2
27.02.24,1,4,Yes,No,25571.557,F2
27.02.24,1,4,Yes,No,30716.585,F2
27.02.24,1,4,Yes,No,18025.785,F2
27.02.24,1,4,Yes,No,6933.461,F2
27.02.24,1,4,Yes,No,7852.937,F2
27.02.24,1,4,Yes,No,18175.327,F2
27.02.24,1,4,Yes,No,20753.903,F3
27.02.24,1,4,Yes,No,7941.854,F3
27.02.24,1,4,Yes,No,5326.902,F3
27.02.24,1,4,Yes,No,2315.869,F3
27.02.24,1,4,Yes,No,10290.056,F3
27.02.24,1,4,Yes,No,11239.845,F3
27.02.24,1,4,Yes,No,5549.194,F3
27.02.24,1,4,Yes,No,14687.377,F3
27.02.24,1,4,Yes,No,4009.323,F3
27.02.24,1,4,Yes,No,17375.079,F3
27.02.24,1,4,Yes,No,11825.885,F3
27.02.24,1,4,Yes,No,3019.117,F3
27.02.24,1,4,Yes,No,10608.336,F3
27.02.24,1,4,Yes,No,3447.532,F3
27.02.24,1,4,Yes,No,2429.035,F3
27.02.24,1,4,Yes,No,3019.117,F3
27.02.24,1,4,Yes,No,11409.595,F3
27.02.24,1,4,Yes,No,3896.156,F3
27.02.24,1,4,Yes,No,6106.942,F3
27.02.24,1,4,Yes,No,6147.359,F3
27.02.24,1,4,Yes,No,2974.659,F3
27.02.24,1,4,Yes,No,3132.283,F3
27.02.24,1,4,No,No,7626.605,F4
27.02.24,1,4,No,No,13826.505,F4
27.02.24,1,4,No,No,12601.883,F4
27.02.24,1,4,No,No,16930.497,F4
27.02.24,1,4,No,No,14170.046,F4
27.02.24,1,4,No,No,12957.549,F4
27.02.24,1,4,No,No,19808.156,F4
27.02.24,1,4,No,No,22948.522,F4
27.02.24,1,4,No,No,11320.678,F4
27.02.24,1,4,No,No,8580.435,F4
27.02.24,1,4,No,No,6401.983,F4
27.02.24,1,4,No,No,3799.157,F4
27.02.24,1,4,No,No,28655.34,F4
27.02.24,1,4,No,No,9210.934,F4
27.02.24,1,4,No,No,14671.211,F4
27.02.24,1,4,No,No,23356.729,F4
27.02.24,1,4,No,No,19315.073,F4
27.02.24,1,4,No,No,16930.497,F4
27.02.24,1,4,No,No,28384.549,F4
27.02.24,1,4,No,No,19791.989,F4
27.02.24,1,4,No,No,10318.347,F4
27.02.24,1,4,No,No,12104.759,F4
27.02.24,1,4,No,No,14246.837,F4
27.02.24,1,4,No,No,27467.093,F4
27.02.24,1,4,No,No,7234.564,F4
27.02.24,1,4,Yes,No,7921.646,F5
27.02.24,1,4,Yes,No,9247.309,F5
27.02.24,1,4,Yes,No,3855.74,F5
27.02.24,1,4,Yes,No,29067.589,F5
27.02.24,1,4,Yes,No,17274.037,F5
27.02.24,1,4,Yes,No,12189.634,F5
27.02.24,1,4,Yes,No,3560.699,F5
27.02.24,1,4,Yes,No,5549.194,F5
27.02.24,1,4,Yes,No,8257.103,F5
27.02.24,1,4,Yes,No,20309.321,F5
27.02.24,1,4,Yes,No,3209.075,F5
27.02.24,1,4,Yes,No,5872.526,F5
28.02.24,2,4,Yes,Yes,7083.002,B2
28.02.24,2,4,Yes,Yes,3450.564,B2
28.02.24,2,4,Yes,Yes,2318.9,B2
28.02.24,2,4,Yes,Yes,2188.557,B2
28.02.24,2,4,Yes,Yes,6650.545,B2
28.02.24,2,4,Yes,Yes,12856.507,B2
28.02.24,2,4,Yes,Yes,1613.631,B2
28.02.24,2,4,Yes,Yes,4645.883,B2
28.02.24,2,4,Yes,Yes,5592.641,B2
28.02.24,2,4,Yes,Yes,2857.451,B2
28.02.24,2,4,Yes,Yes,3431.366,B2
28.02.24,2,4,Yes,Yes,20127.446,B2
28.02.24,2,4,Yes,Yes,13377.881,B2
28.02.24,2,4,Yes,Yes,1543.913,B2
28.02.24,2,4,Yes,Yes,9449.391,B2
28.02.24,2,4,Yes,Yes,3447.532,B2
28.02.24,2,4,Yes,Yes,5318.819,B2
28.02.24,2,4,Yes,Yes,1034.664,B2
28.02.24,2,4,Yes,Yes,4263.947,B2
28.02.24,2,4,Yes,No,13349.589,B3
28.02.24,2,4,Yes,No,2315.869,B3
28.02.24,2,4,Yes,No,1988.495,B3
28.02.24,2,4,Yes,No,4102.281,B3
28.02.24,2,4,Yes,No,8907.81,B3
28.02.24,2,4,Yes,No,1543.913,B3
28.02.24,2,4,Yes,No,1657.079,B3
28.02.24,2,4,Yes,No,2287.577,B3
28.02.24,2,4,Yes,No,9578.724,B3
28.02.24,2,4,Yes,No,4829.779,B3
28.02.24,2,4,Yes,No,2315.869,B3
28.02.24,2,4,Yes,No,7016.315,B3
28.02.24,2,4,Yes,No,6737.44,B3
28.02.24,2,4,Yes,No,2671.535,B3
28.02.24,2,4,Yes,No,5601.735,B3
28.02.24,2,4,Yes,No,6147.359,B3
28.02.24,2,4,Yes,No,9348.35,B3
28.02.24,2,4,Yes,No,2138.036,B3
28.02.24,2,4,Yes,No,7262.856,B3
28.02.24,2,4,Yes,No,3447.532,B3
28.02.24,2,4,Yes,No,6996.106,B3
28.02.24,2,4,Yes,No,6426.233,B3
28.02.24,2,4,Yes,No,6705.107,B3
28.02.24,2,4,Yes,No,3390.949,B3
28.02.24,2,4,Yes,No,1988.495,B3
28.02.24,2,4,Yes,No,3657.699,B3
28.02.24,2,4,Yes,No,3447.532,B3
28.02.24,2,4,Yes,No,5549.194,B3
28.02.24,2,4,Yes,No,2315.869,B3
28.02.24,2,4,Yes,No,19274.657,B3
28.02.24,2,4,Yes,No,2897.867,B3
28.02.24,2,4,Yes,No,11409.595,B3
28.02.24,2,4,Yes,No,5601.735,B3
28.02.24,2,4,Yes,No,4102.281,B3
28.02.24,2,4,Yes,No,3431.366,B3
28.02.24,2,4,Yes,No,7828.687,B3
28.02.24,2,4,Yes,No,3431.366,B3
28.02.24,2,4,No,No,5262.236,B4
28.02.24,2,4,No,No,7016.315,B4
28.02.24,2,4,No,No,3261.616,B4
28.02.24,2,4,No,No,2315.869,B4
28.02.24,2,4,No,No,1543.913,B4
28.02.24,2,4,No,No,3047.409,B4
28.02.24,2,4,No,No,5589.61,B4
28.02.24,2,4,No,No,5601.735,B4
28.02.24,2,4,No,No,5933.151,B4
28.02.24,2,4,No,No,5872.526,B4
28.02.24,2,4,No,No,10290.056,B4
28.02.24,2,4,No,No,3261.616,B4
28.02.24,2,4,No,No,2150.161,B4
28.02.24,2,4,No,No,4102.281,B4
28.02.24,2,4,No,No,6401.983,B4
28.02.24,2,4,No,No,5326.902,B4
28.02.24,2,4,No,No,3245.45,B4
28.02.24,2,4,Yes,No,4467.04,F2
28.02.24,2,4,Yes,No,2551.295,F2
28.02.24,2,4,Yes,No,6858.69,F2
28.02.24,2,4,Yes,No,1613.631,F2
28.02.24,2,4,Yes,No,2990.825,F2
28.02.24,2,4,Yes,No,1487.329,F2
28.02.24,2,4,Yes,No,5795.735,F2
28.02.24,2,4,Yes,No,1204.413,F2
28.02.24,2,4,Yes,No,7553.855,F2
28.02.24,2,4,Yes,No,6433.306,F2
28.02.24,2,4,Yes,No,2701.847,F2
28.02.24,2,4,Yes,No,1613.631,F2
28.02.24,2,4,Yes,No,1948.078,F2
28.02.24,2,4,Yes,No,6632.357,F2
28.02.24,2,4,Yes,No,2061.245,F2
28.02.24,2,4,Yes,No,1657.079,F2
28.02.24,2,4,Yes,No,1822.787,F2
28.02.24,2,4,Yes,No,28618.965,F2
28.02.24,2,4,Yes,No,19791.989,F2
28.02.24,2,4,Yes,No,6600.024,F2
28.02.24,2,4,Yes,No,6147.359,F2
28.02.24,2,4,Yes,No,19808.156,F2
28.02.24,2,4,Yes,No,9740.391,F2
28.02.24,2,4,Yes,No,8188.395,F2
28.02.24,2,4,Yes,No,7606.396,F2
28.02.24,2,4,Yes,No,7885.271,F2
28.02.24,2,4,Yes,No,5326.902,F2
28.02.24,2,4,Yes,No,4102.281,F3
28.02.24,2,4,Yes,No,16255.54,F3
28.02.24,2,4,Yes,No,8257.103,F3
28.02.24,2,4,Yes,No,16461.664,F3
28.02.24,2,4,Yes,No,4575.154,F3
28.02.24,2,4,Yes,No,4805.529,F3
28.02.24,2,4,Yes,No,5795.735,F3
28.02.24,2,4,Yes,No,3245.45,F3
28.02.24,2,4,Yes,No,10290.056,F3
28.02.24,2,4,Yes,No,1394.371,F3
28.02.24,2,4,Yes,No,1786.412,F3
28.02.24,2,4,Yes,No,16388.915,F3
28.02.24,2,4,Yes,No,1543.913,F3
28.02.24,2,4,Yes,No,2598.785,F3
28.02.24,2,4,Yes,No,1543.913,F3
28.02.24,2,4,Yes,No,3447.532,F3
28.02.24,2,4,Yes,No,14954.127,F3
28.02.24,2,4,Yes,No,18575.45,F3
28.02.24,2,4,Yes,No,3209.075,F3
28.02.24,2,4,Yes,No,15548.25,F3
28.02.24,2,4,Yes,No,4328.613,F3
28.02.24,2,4,Yes,No,4090.156,F3
28.02.24,2,4,Yes,No,3209.075,F3
28.02.24,2,4,No,No,47622.831,F4
28.02.24,2,4,No,No,2988.805,F4
28.02.24,2,4,No,No,8992.684,F4
28.02.24,2,4,No,No,1901.599,F4
28.02.24,2,4,No,No,3944.656,F4
28.02.24,2,4,No,No,4603.446,F4
28.02.24,2,4,No,No,7941.854,F4
28.02.24,2,4,No,No,2287.577,F4
28.02.24,2,4,No,No,4595.363,F4
28.02.24,2,4,No,No,2857.451,F4
28.02.24,2,4,No,No,6106.942,F4
28.02.24,2,4,No,No,43459.926,F4
28.02.24,2,4,No,No,16348.498,F4
28.02.24,2,4,No,No,5326.902,F4
28.02.24,2,4,No,No,3560.699,F4
28.02.24,2,4,Yes,No,5601.735,F5
28.02.24,2,4,Yes,No,13826.505,F5
28.02.24,2,4,Yes,No,5795.735,F5
28.02.24,2,4,Yes,No,2841.284,F5
28.02.24,2,4,Yes,No,3633.449,F5
28.02.24,2,4,Yes,No,3447.532,F5
28.02.24,2,4,Yes,No,4971.237,F5
28.02.24,2,4,Yes,No,3633.449,F6
28.02.24,2,4,Yes,No,3560.699,F6
28.02.24,2,4,Yes,No,2101.661,F6
28.02.24,2,4,Yes,No,5828.068,F6
28.02.24,2,4,Yes,No,1681.329,F6
28.02.24,2,4,Yes,No,1988.495,F6
06.03.24,3,4,Yes,Yes,18409.743,B2
06.03.24,3,4,Yes,Yes,5986.703,B2
06.03.24,3,4,Yes,Yes,5422.892,B2
06.03.24,3,4,Yes,Yes,4603.446,B2
06.03.24,3,4,Yes,Yes,6650.545,B2
06.03.24,3,4,Yes,Yes,3784.0,B2
06.03.24,3,4,Yes,Yes,3308.095,B2
06.03.24,3,4,Yes,Yes,4467.04,B2
06.03.24,3,4,Yes,Yes,6433.306,B2
06.03.24,3,4,Yes,Yes,10669.972,B2
06.03.24,3,4,Yes,Yes,8580.435,B2
06.03.24,3,4,Yes,Yes,6737.44,B2
06.03.24,3,4,Yes,Yes,10981.179,B2
06.03.24,3,4,Yes,Yes,4101.27,B2
06.03.24,3,4,Yes,Yes,6802.107,B2
06.03.24,3,4,Yes,Yes,7083.002,B2
06.03.24,3,4,Yes,Yes,13104.059,B2
06.03.24,3,4,Yes,Yes,10322.389,B2
06.03.24,3,4,Yes,Yes,3157.544,B2
06.03.24,3,4,Yes,Yes,4195.239,B2
06.03.24,3,4,Yes,Yes,4101.27,B2
06.03.24,3,4,Yes,No,1394.371,B3
06.03.24,3,4,Yes,No,3431.366,B3
06.03.24,3,4,Yes,No,2768.534,B3
06.03.24,3,4,Yes,No,917.456,B3
06.03.24,3,4,Yes,No,5743.193,B3
06.03.24,3,4,Yes,No,2671.535,B3
06.03.24,3,4,No,No,3766.823,B4
06.03.24,3,4,No,No,2701.847,B4
06.03.24,3,4,No,No,3669.824,B4
06.03.24,3,4,No,No,4328.613,B4
06.03.24,3,4,No,No,3083.783,B4
06.03.24,3,4,Yes,No,8104.53,F2
06.03.24,3,4,Yes,No,5589.61,F2
06.03.24,3,4,Yes,No,17872.202,F2
06.03.24,3,4,Yes,No,7262.856,F2
06.03.24,3,4,Yes,No,10079.89,F2
06.03.24,3,4,Yes,No,7501.313,F2
06.03.24,3,4,Yes,No,7626.605,F2
06.03.24,3,4,Yes,No,3431.366,F2
06.03.24,3,4,Yes,No,4263.947,F2
06.03.24,3,4,Yes,No,3998.208,F2
06.03.24,3,4,Yes,No,6199.9,F2
06.03.24,3,4,Yes,No,5010.643,F2
06.03.24,3,4,Yes,No,9491.829,F2
06.03.24,3,4,Yes,No,5056.112,F3
06.03.24,3,4,Yes,No,5900.818,F3
06.03.24,3,4,Yes,No,5019.737,F3
06.03.24,3,4,Yes,No,1988.495,F3
06.03.24,3,4,Yes,No,2578.576,F3
06.03.24,3,4,Yes,No,4461.988,F3
06.03.24,3,4,No,No,3799.157,F4
06.03.24,3,4,No,No,1907.662,F4
06.03.24,3,4,No,No,3447.532,F4
06.03.24,3,4,No,No,5516.86,F4
06.03.24,3,4,No,No,6151.4,F4
06.03.24,3,4,No,No,4955.07,F4
06.03.24,3,4,No,No,6925.377,F4
06.03.24,3,4,No,No,5017.716,F4
06.03.24,3,4,No,No,5326.902,F4
06.03.24,3,4,No,No,6171.609,F4
06.03.24,3,4,No,No,6106.942,F4
06.03.24,3,4,No,No,20563.945,F4
06.03.24,3,4,No,No,6705.107,F4
06.03.24,3,4,Yes,No,3103.992,F5
06.03.24,3,4,Yes,No,4061.864,F5
06.03.24,3,4,Yes,No,4874.237,F5
06.03.24,3,4,Yes,No,3668.813,F5
06.03.24,3,4,Yes,No,6349.441,F5
06.03.24,3,4,Yes,No,5076.32,F5
06.03.24,3,4,Yes,No,2315.869,F5
06.03.24,3,4,Yes,No,3722.365,F5
06.03.24,3,4,Yes,No,1238.768,F5
06.03.24,3,4,Yes,No,1950.099,F5
06.03.24,3,4,Yes,No,4263.947,F5
06.03.24,3,4,Yes,No,5612.85,F5
06.03.24,3,4,Yes,No,2606.868,F5
06.03.24,3,4,Yes,No,2897.867,F5
06.03.24,3,4,Yes,No,3085.804,F5
25.02.24,1,2,Yes,Yes,8257.103,B2
25.02.24,1,2,Yes,Yes,5072.278,B2
25.02.24,1,2,Yes,Yes,7828.687,B2
25.02.24,1,2,Yes,Yes,5019.737,B2
25.02.24,1,2,Yes,Yes,10572.972,B2
25.02.24,1,2,Yes,Yes,6676.816,B2
25.02.24,1,2,Yes,Yes,2671.535,B2
25.02.24,1,2,Yes,Yes,20309.321,B2
25.02.24,1,2,Yes,Yes,5795.735,B2
25.02.24,1,2,Yes,Yes,12189.634,B2
25.02.24,1,2,Yes,Yes,6401.983,B2
25.02.24,1,2,Yes,Yes,19808.156,B2
25.02.24,1,2,Yes,Yes,9598.933,B2
25.02.24,1,2,Yes,Yes,12007.76,B2
25.02.24,1,2,Yes,Yes,15022.835,B2
25.02.24,1,2,Yes,Yes,1814.703,B2
25.02.24,1,2,Yes,Yes,1822.787,B2
25.02.24,1,2,Yes,Yes,12529.133,B2
25.02.24,1,2,Yes,Yes,6106.942,B2
25.02.24,1,2,Yes,Yes,9598.933,B2
25.02.24,1,2,Yes,Yes,1988.495,B2
25.02.24,1,2,Yes,Yes,3657.699,B2
25.02.24,1,2,Yes,Yes,7606.396,B2
25.02.24,1,2,Yes,Yes,8580.435,B2
25.02.24,1,2,Yes,Yes,5872.526,B2
25.02.24,1,2,Yes,Yes,6106.942,B2
25.02.24,1,2,Yes,Yes,16437.414,B2
25.02.24,1,2,Yes,Yes,7941.854,B2
25.02.24,1,2,Yes,Yes,13151.548,B2
25.02.24,1,2,Yes,Yes,15540.167,B2
25.02.24,1,2,Yes,Yes,10669.972,B2
25.02.24,1,2,Yes,Yes,2150.161,B2
25.02.24,1,2,Yes,Yes,3657.699,B2
25.02.24,1,2,Yes,Yes,2138.036,B2
25.02.24,1,2,Yes,Yes,1657.079,B2
25.02.24,1,2,Yes,Yes,39107.062,B2
25.02.24,1,2,Yes,Yes,22948.522,B2
25.02.24,1,2,Yes,No,23696.228,B3
25.02.24,1,2,Yes,No,6959.731,B3
25.02.24,1,2,Yes,No,9259.434,B3
25.02.24,1,2,Yes,No,4538.78,B3
25.02.24,1,2,Yes,No,17835.827,B3
25.02.24,1,2,Yes,No,2315.869,B3
25.02.24,1,2,Yes,No,12977.757,B3
25.02.24,1,2,Yes,No,3156.533,B3
25.02.24,1,2,Yes,No,3910.302,B3
25.02.24,1,2,Yes,No,3431.366,B3
25.02.24,1,2,Yes,No,2170.369,B3
25.02.24,1,2,Yes,No,2287.577,B3
25.02.24,1,2,Yes,No,2587.67,B3
25.02.24,1,2,Yes,No,2190.577,B3
25.02.24,1,2,Yes,No,11108.491,B3
25.02.24,1,2,Yes,No,19545.448,B3
25.02.24,1,2,Yes,No,32389.83,B3
25.02.24,1,2,No,No,4579.196,B4
25.02.24,1,2,No,No,3540.491,B4
25.02.24,1,2,No,No,1758.12,B4
25.02.24,1,2,No,No,3229.283,B4
25.02.24,1,2,No,No,2841.284,B4
25.02.24,1,2,No,No,7262.856,B4
25.02.24,1,2,No,No,9958.64,B4
25.02.24,1,2,No,No,5403.694,B4
25.02.24,1,2,No,No,6650.545,B4
25.02.24,1,2,No,No,11108.491,B4
25.02.24,1,2,No,No,6608.107,B4
25.02.24,1,2,No,No,10595.201,B4
25.02.24,1,2,No,No,10049.577,B4
25.02.24,1,2,No,No,7879.208,B4
25.02.24,1,2,No,No,2424.994,B4
25.02.24,1,2,No,No,4249.801,B4
25.02.24,1,2,No,No,2659.41,B4
25.02.24,1,2,No,No,5468.36,B4
25.02.24,1,2,No,No,17274.037,B4
25.02.24,1,2,No,No,23292.063,B4
25.02.24,1,2,No,No,11029.679,B4
25.02.24,1,2,No,No,8580.435,B4
25.02.24,1,2,No,No,10290.056,B4
25.02.24,1,2,No,No,8580.435,B4
25.02.24,1,2,No,No,6575.774,B4
25.02.24,1,2,No,No,12900.966,B4
25.02.24,1,2,Yes,No,21873.442,F2
25.02.24,1,2,Yes,No,2065.286,F2
25.02.24,1,2,Yes,No,9271.559,F2
25.02.24,1,2,Yes,No,4405.405,F2
25.02.24,1,2,Yes,No,13501.151,F2
25.02.24,1,2,Yes,No,2188.557,F2
25.02.24,1,2,Yes,No,2142.078,F2
25.02.24,1,2,Yes,No,3835.531,F2
25.02.24,1,2,Yes,No,1717.704,F2
25.02.24,1,2,Yes,No,1394.371,F2
25.02.24,1,2,Yes,No,13183.882,F2
25.02.24,1,2,Yes,No,2497.743,F2
25.02.24,1,2,Yes,No,3875.948,F2
25.02.24,1,2,Yes,No,6147.359,F2
25.02.24,1,2,Yes,No,5403.694,F2
25.02.24,1,2,Yes,No,8260.134,F2
25.02.24,1,2,Yes,No,4467.04,F2
25.02.24,1,2,Yes,No,6288.817,F2
25.02.24,1,2,Yes,No,23591.145,F2
25.02.24,1,2,Yes,No,19322.146,F2
25.02.24,1,2,Yes,No,25571.557,F2
25.02.24,1,2,Yes,No,24031.686,F2
25.02.24,1,2,Yes,No,27393.333,F2
25.02.24,1,2,Yes,No,9433.225,F2
25.02.24,1,2,Yes,No,14784.377,F2
25.02.24,1,2,Yes,No,10595.201,F3
25.02.24,1,2,Yes,No,7553.855,F3
25.02.24,1,2,Yes,No,8487.477,F3
25.02.24,1,2,Yes,No,5186.455,F3
25.02.24,1,2,Yes,No,10506.284,F3
25.02.24,1,2,Yes,No,6858.69,F3
25.02.24,1,2,Yes,No,19278.699,F3
25.02.24,1,2,Yes,No,4805.529,F3
25.02.24,1,2,Yes,No,20673.07,F3
25.02.24,1,2,Yes,No,25070.391,F3
25.02.24,1,2,Yes,No,8580.435,F3
25.02.24,1,2,Yes,No,12141.134,F3
25.02.24,1,2,Yes,No,14562.086,F3
25.02.24,1,2,Yes,No,3209.075,F3
25.02.24,1,2,Yes,No,3657.699,F3
25.02.24,1,2,Yes,No,3431.366,F3
25.02.24,1,2,Yes,No,3657.699,F3
25.02.24,1,2,Yes,No,10290.056,F3
25.02.24,1,2,No,No,9247.309,F4
25.02.24,1,2,No,No,5326.902,F4
25.02.24,1,2,No,No,7921.646,F4
25.02.24,1,2,No,No,9247.309,F4
25.02.24,1,2,No,No,9530.225,F4
25.02.24,1,2,No,No,5072.278,F4
25.02.24,1,2,No,No,13834.588,F4
25.02.24,1,2,No,No,15988.791,F4
25.02.24,1,2,No,No,24027.644,F4
25.02.24,1,2,No,No,5795.735,F4
25.02.24,1,2,No,No,12529.133,F4
25.02.24,1,2,No,No,5549.194,F4
25.02.24,1,2,No,No,4328.613,F4
25.02.24,1,2,No,No,9598.933,F4
25.02.24,1,2,No,No,12581.675,F4
25.02.24,1,2,No,No,5072.278,F4
25.02.24,1,2,No,No,6401.983,F4
25.02.24,1,2,No,No,5076.32,F4
25.02.24,1,2,No,No,10799.305,F4
25.02.24,1,2,No,No,10637.638,F4
25.02.24,1,2,No,No,18175.327,F4
25.02.24,1,2,No,No,17835.827,F4
25.02.24,1,2,No,No,15445.188,F4
25.02.24,1,2,Yes,No,7295.189,F5
25.02.24,1,2,Yes,No,3657.699,F5
25.02.24,1,2,Yes,No,8958.33,F5
25.02.24,1,2,Yes,No,11995.635,F5
25.02.24,1,2,Yes,No,24403.518,F5
25.02.24,1,2,Yes,No,14060.921,F5
25.02.24,1,2,Yes,No,2287.577,F5
25.02.24,1,2,Yes,No,16037.291,F5
25.02.24,1,2,Yes,No,7310.345,F5
25.02.24,1,2,Yes,No,14060.921,F5
25.02.24,1,2,Yes,No,12196.707,F5
25.02.24,1,2,Yes,No,27887.426,F5
25.02.24,1,2,Yes,No,5403.694,F5
25.02.24,1,2,Yes,No,2860.482,F5
25.02.24,1,2,Yes,No,5795.735,F5
25.02.24,1,2,Yes,No,2586.66,F5
25.02.24,1,2,Yes,No,19682.864,F5
25.02.24,1,2,Yes,No,13264.715,F5
25.02.24,1,2,Yes,No,1988.495,F5
26.02.24,2,2,Yes,Yes,5017.716,B2
26.02.24,2,2,Yes,Yes,10595.201,B2
26.02.24,2,2,Yes,Yes,14246.837,B2
26.02.24,2,2,Yes,Yes,8992.684,B2
26.02.24,2,2,Yes,Yes,2587.67,B2
26.02.24,2,2,Yes,Yes,5017.716,B2
26.02.24,2,2,Yes,Yes,6608.107,B2
26.02.24,2,2,Yes,Yes,2677.597,B2
26.02.24,2,2,Yes,Yes,7307.314,B2
26.02.24,2,2,Yes,Yes,4645.883,B2
26.02.24,2,2,Yes,Yes,6401.983,B2
26.02.24,2,2,Yes,Yes,22402.899,B2
26.02.24,2,2,Yes,Yes,11781.427,B2
26.02.24,2,2,Yes,Yes,3633.449,B2
26.02.24,2,2,Yes,Yes,11825.885,B2
26.02.24,2,2,Yes,Yes,4061.864,B2
26.02.24,2,2,Yes,No,10488.097,B3
26.02.24,2,2,Yes,No,9433.225,B3
26.02.24,2,2,Yes,No,2551.295,B3
26.02.24,2,2,Yes,No,3293.95,B3
26.02.24,2,2,Yes,No,5222.83,B3
26.02.24,2,2,Yes,No,18929.095,B3
26.02.24,2,2,Yes,No,3308.095,B3
26.02.24,2,2,Yes,No,2857.451,B3
26.02.24,2,2,Yes,No,2424.994,B3
26.02.24,2,2,Yes,No,10516.389,B3
26.02.24,2,2,Yes,No,6650.545,B3
26.02.24,2,2,Yes,No,2586.66,B3
26.02.24,2,2,Yes,No,11670.281,B3
26.02.24,2,2,Yes,No,5385.506,B3
26.02.24,2,2,Yes,No,5403.694,B3
26.02.24,2,2,Yes,No,9491.829,B3
26.02.24,2,2,Yes,No,5222.83,B3
26.02.24,2,2,Yes,No,11108.491,B3
26.02.24,2,2,Yes,No,7253.762,B3
26.02.24,2,2,Yes,No,9501.933,B3
26.02.24,2,2,Yes,No,3496.032,B3
26.02.24,2,2,Yes,No,8269.228,B3
26.02.24,2,2,Yes,No,2578.576,B3
26.02.24,2,2,Yes,No,1758.12,B3
26.02.24,2,2,No,No,7093.106,B4
26.02.24,2,2,No,No,7974.187,B4
26.02.24,2,2,No,No,4292.239,B4
26.02.24,2,2,No,No,2715.993,B4
26.02.24,2,2,No,No,2318.9,B4
26.02.24,2,2,No,No,3450.564,B4
26.02.24,2,2,No,No,1821.776,B4
26.02.24,2,2,No,No,4999.528,B4
26.02.24,2,2,No,No,3431.366,B4
26.02.24,2,2,No,No,5544.141,B4
26.02.24,2,2,No,No,8730.987,B4
26.02.24,2,2,No,No,3722.365,B4
26.02.24,2,2,No,No,9250.34,B4
26.02.24,2,2,No,No,5357.215,B4
26.02.24,2,2,No,No,2860.482,B4
26.02.24,2,2,No,No,4292.239,B4
26.02.24,2,2,No,No,2447.223,B4
26.02.24,2,2,No,No,9271.559,B4
26.02.24,2,2,No,No,2701.847,B4
26.02.24,2,2,No,No,5793.714,B4
26.02.24,2,2,No,No,8420.79,B4
26.02.24,2,2,No,No,3450.564,B4
26.02.24,2,2,No,No,5357.215,B4
26.02.24,2,2,No,No,2061.245,B4
26.02.24,2,2,No,No,3293.95,B4
26.02.24,2,2,No,No,4282.134,B4
26.02.24,2,2,No,No,2586.66,B4
26.02.24,2,2,Yes,No,13200.048,F2
26.02.24,2,2,Yes,No,7093.106,F2
26.02.24,2,2,Yes,No,23471.917,F2
26.02.24,2,2,Yes,No,3308.095,F2
26.02.24,2,2,Yes,No,7210.314,F2
26.02.24,2,2,Yes,No,11995.635,F2
26.02.24,2,2,Yes,No,2074.38,F2
26.02.24,2,2,Yes,No,8992.684,F2
26.02.24,2,2,Yes,No,1901.599,F2
26.02.24,2,2,Yes,No,6650.545,F2
26.02.24,2,2,Yes,No,9433.225,F2
26.02.24,2,2,Yes,No,1821.776,F2
26.02.24,2,2,Yes,No,1822.787,F2
26.02.24,2,2,Yes,No,6939.523,F2
26.02.24,2,2,Yes,No,7093.106,F2
26.02.24,2,2,Yes,No,3157.544,F2
26.02.24,2,2,Yes,No,1213.507,F2
26.02.24,2,2,Yes,No,1592.412,F2
26.02.24,2,2,Yes,No,5592.641,F2
26.02.24,2,2,Yes,No,3910.302,F2
26.02.24,2,2,Yes,No,2318.9,F2
26.02.24,2,2,Yes,No,11142.845,F2
26.02.24,2,2,Yes,No,4101.27,F2
26.02.24,2,2,Yes,No,4101.27,F2
26.02.24,2,2,Yes,No,6187.775,F2
26.02.24,2,2,Yes,No,7503.334,F2
26.02.24,2,2,Yes,No,10310.264,F2
26.02.24,2,2,Yes,No,1899.578,F2
26.02.24,2,2,Yes,No,1822.787,F2
26.02.24,2,2,Yes,No,5581.527,F2
26.02.24,2,2,Yes,No,11243.887,F3
26.02.24,2,2,Yes,No,1980.411,F3
26.02.24,2,2,Yes,No,2315.869,F3
26.02.24,2,2,Yes,No,998.289,F3
26.02.24,2,2,Yes,No,1204.413,F3
26.02.24,2,2,Yes,No,8903.768,F3
26.02.24,2,2,Yes,No,4348.822,F3
26.02.24,2,2,Yes,No,2860.482,F3
26.02.24,2,2,Yes,No,2639.201,F3
26.02.24,2,2,Yes,No,8915.893,F3
26.02.24,2,2,Yes,No,12544.289,F3
26.02.24,2,2,Yes,No,4282.134,F3
26.02.24,2,2,Yes,No,2829.159,F3
26.02.24,2,2,Yes,No,4102.281,F3
26.02.24,2,2,Yes,No,8509.706,F3
26.02.24,2,2,Yes,No,2701.847,F3
26.02.24,2,2,Yes,No,6401.983,F3
26.02.24,2,2,Yes,No,3293.95,F3
26.02.24,2,2,Yes,No,2914.034,F3
26.02.24,2,2,Yes,No,2990.825,F3
26.02.24,2,2,Yes,No,2061.245,F3
26.02.24,2,2,Yes,No,1592.412,F3
26.02.24,2,2,Yes,No,11955.218,F3
26.02.24,2,2,No,No,4512.509,F4
26.02.24,2,2,No,No,4645.883,F4
26.02.24,2,2,No,No,9833.349,F4
26.02.24,2,2,No,No,28720.007,F4
26.02.24,2,2,No,No,4461.988,F4
26.02.24,2,2,No,No,2318.9,F4
26.02.24,2,2,No,No,6835.451,F4
26.02.24,2,2,No,No,4102.281,F4
26.02.24,2,2,No,No,3471.782,F4
26.02.24,2,2,No,No,2150.161,F4
26.02.24,2,2,No,No,3997.198,F4
26.02.24,2,2,No,No,3125.21,F4
26.02.24,2,2,No,No,4631.738,F4
26.02.24,2,2,No,No,998.289,F4
26.02.24,2,2,No,No,2551.295,F4
26.02.24,2,2,No,No,6650.545,F4
26.02.24,2,2,No,No,15118.824,F4
26.02.24,2,2,No,No,37500.504,F4
26.02.24,2,2,No,No,2400.744,F4
26.02.24,2,2,No,No,4102.281,F4
26.02.24,2,2,No,No,2990.825,F4
26.02.24,2,2,No,No,2318.9,F4
26.02.24,2,2,Yes,No,2988.805,F5
26.02.24,2,2,Yes,No,10868.013,F5
26.02.24,2,2,Yes,No,4461.988,F5
26.02.24,2,2,Yes,No,1814.703,F5
26.02.24,2,2,Yes,No,4090.156,F5
26.02.24,2,2,Yes,No,3261.616,F5
26.02.24,2,2,Yes,No,1667.183,F5
26.02.24,2,2,Yes,No,1988.495,F6
26.02.24,2,2,Yes,No,3390.949,F6
26.02.24,2,2,Yes,No,2671.535,F6
26.02.24,2,2,Yes,No,1505.517,F6
26.02.24,2,2,Yes,No,1822.787,F6
04.03.24,3,2,Yes,Yes,6737.44,B2
04.03.24,3,2,Yes,Yes,23477.979,B2
04.03.24,3,2,Yes,Yes,8257.103,B2
04.03.24,3,2,Yes,Yes,2804.909,B2
04.03.24,3,2,Yes,Yes,7210.314,B2
04.03.24,3,2,Yes,Yes,6349.441,B2
04.03.24,3,2,Yes,Yes,4263.947,B2
04.03.24,3,2,Yes,Yes,3447.532,B2
04.03.24,3,2,Yes,Yes,2651.326,B2
04.03.24,3,2,Yes,Yes,2860.482,B2
04.03.24,3,2,Yes,Yes,7310.345,B2
04.03.24,3,2,Yes,Yes,5403.694,B2
04.03.24,3,2,Yes,Yes,1821.776,B2
04.03.24,3,2,Yes,Yes,2315.869,B2
04.03.24,3,2,Yes,Yes,2860.482,B2
04.03.24,3,2,Yes,Yes,3855.74,B2
04.03.24,3,2,Yes,Yes,3910.302,B2
04.03.24,3,2,Yes,Yes,20769.059,B2
04.03.24,3,2,Yes,Yes,10832.648,B2
04.03.24,3,2,Yes,Yes,8509.706,B2
04.03.24,3,2,Yes,Yes,8693.602,B2
04.03.24,3,2,Yes,Yes,4801.487,B2
04.03.24,3,2,Yes,Yes,4467.04,B2
04.03.24,3,2,Yes,Yes,8232.853,B2
04.03.24,3,2,Yes,Yes,2050.13,B2
04.03.24,3,2,Yes,Yes,2701.847,B2
04.03.24,3,2,Yes,Yes,2142.078,B2
04.03.24,3,2,Yes,Yes,4282.134,B2
04.03.24,3,2,Yes,Yes,1105.393,B2
04.03.24,3,2,Yes,Yes,3157.544,B2
04.03.24,3,2,Yes,Yes,5872.526,B2
04.03.24,3,2,Yes,Yes,8580.435,B2
04.03.24,3,2,Yes,Yes,22665.606,B2
04.03.24,3,2,Yes,No,4603.446,B3
04.03.24,3,2,Yes,No,4292.239,B3
04.03.24,3,2,Yes,No,3156.533,B3
04.03.24,3,2,Yes,No,2841.284,B3
04.03.24,3,2,Yes,No,2497.743,B3
04.03.24,3,2,Yes,No,5403.694,B3
04.03.24,3,2,Yes,No,3766.823,B3
04.03.24,3,2,Yes,No,4841.904,B3
04.03.24,3,2,Yes,No,4101.27,B3
04.03.24,3,2,Yes,No,2988.805,B3
04.03.24,3,2,Yes,No,5592.641,B3
04.03.24,3,2,Yes,No,4101.27,B3
04.03.24,3,2,Yes,No,2074.38,B3
04.03.24,3,2,Yes,No,2990.825,B3
04.03.24,3,2,No,No,6005.901,B4
04.03.24,3,2,No,No,8006.52,B4
04.03.24,3,2,No,No,4292.239,B4
04.03.24,3,2,No,No,4154.822,B4
04.03.24,3,2,No,No,5017.716,B4
04.03.24,3,2,No,No,5795.735,B4
04.03.24,3,2,No,No,8487.477,B4
04.03.24,3,2,No,No,9202.85,B4
04.03.24,3,2,No,No,7060.773,B4
04.03.24,3,2,Yes,No,5872.526,F2
04.03.24,3,2,Yes,No,8891.643,F2
04.03.24,3,2,Yes,No,2671.535,F2
04.03.24,3,2,Yes,No,5828.068,F2
04.03.24,3,2,Yes,No,5326.902,F2
04.03.24,3,2,Yes,No,6106.942,F2
04.03.24,3,2,Yes,No,7941.854,F2
04.03.24,3,2,Yes,No,6996.106,F2
04.03.24,3,2,Yes,No,2671.535,F2
04.03.24,3,2,Yes,No,5076.32,F2
04.03.24,3,2,Yes,No,10669.972,F2
04.03.24,3,2,Yes,No,5072.278,F2
04.03.24,3,2,Yes,No,7885.271,F2
04.03.24,3,2,Yes,No,7262.856,F2
04.03.24,3,2,Yes,No,7885.271,F2
04.03.24,3,2,Yes,No,8188.395,F2
04.03.24,3,2,Yes,No,6401.983,F2
04.03.24,3,2,Yes,No,4557.977,F2
04.03.24,3,2,Yes,No,5735.11,F2
04.03.24,3,2,Yes,No,5305.684,F2
04.03.24,3,2,Yes,No,6074.609,F2
04.03.24,3,2,Yes,No,6352.473,F3
04.03.24,3,2,Yes,No,6650.545,F3
04.03.24,3,2,Yes,No,4101.27,F3
04.03.24,3,2,Yes,No,5592.641,F3
04.03.24,3,2,Yes,No,3784.0,F3
04.03.24,3,2,Yes,No,5017.716,F3
04.03.24,3,2,Yes,No,4717.623,F3
04.03.24,3,2,Yes,No,3568.782,F3
04.03.24,3,2,Yes,No,5213.736,F3
04.03.24,3,2,Yes,No,3209.075,F3
04.03.24,3,2,Yes,No,3896.156,F3
04.03.24,3,2,Yes,No,5213.736,F3
04.03.24,3,2,Yes,No,6401.983,F3
04.03.24,3,2,Yes,No,3669.824,F3
04.03.24,3,2,Yes,No,5080.361,F3
04.03.24,3,2,Yes,No,3035.284,F3
04.03.24,3,2,Yes,No,5080.361,F3
04.03.24,3,2,Yes,No,4348.822,F3
04.03.24,3,2,Yes,No,3334.366,F3
04.03.24,3,2,Yes,No,5290.528,F3
04.03.24,3,2,Yes,No,5476.444,F3
04.03.24,3,2,Yes,No,6632.357,F3
04.03.24,3,2,Yes,No,2715.993,F3
04.03.24,3,2,Yes,No,2860.482,F3
04.03.24,3,2,Yes,No,3125.21,F3
04.03.24,3,2,Yes,No,9501.933,F3
04.03.24,3,2,Yes,No,10031.39,F3
04.03.24,3,2,No,No,5186.455,F4
04.03.24,3,2,No,No,5213.736,F4
04.03.24,3,2,No,No,5403.694,F4
04.03.24,3,2,No,No,4461.988,F4
04.03.24,3,2,No,No,3125.21,F4
04.03.24,3,2,No,No,2988.805,F4
04.03.24,3,2,No,No,4249.801,F4
04.03.24,3,2,No,No,4645.883,F4
04.03.24,3,2,No,No,3766.823,F4
04.03.24,3,2,No,No,4282.134,F4
04.03.24,3,2,No,No,4249.801,F4
04.03.24,3,2,No,No,5385.506,F4
04.03.24,3,2,No,No,10585.097,F4
04.03.24,3,2,No,No,3766.823,F4
04.03.24,3,2,No,No,4102.281,F4
04.03.24,3,2,No,No,7448.772,F4
04.03.24,3,2,No,No,3035.284,F4
04.03.24,3,2,No,No,4708.529,F4
04.03.24,3,2,No,No,5609.818,F4
04.03.24,3,2,No,No,6013.984,F4
04.03.24,3,2,No,No,6240.317,F4
04.03.24,3,2,No,No,2707.909,F4
04.03.24,3,2,No,No,4938.903,F4
04.03.24,3,2,No,No,7333.585,F4
04.03.24,3,2,No,No,4336.697,F4
04.03.24,3,2,No,No,10459.805,F4
04.03.24,3,2,No,No,6575.774,F4
04.03.24,3,2,No,No,5403.694,F4
04.03.24,3,2,No,No,5549.194,F4
04.03.24,3,2,No,No,4955.07,F4
04.03.24,3,2,No,No,2587.67,F4
04.03.24,3,2,No,No,3149.46,F4
04.03.24,3,2,No,No,4240.707,F4
04.03.24,3,2,No,No,2808.951,F4
04.03.24,3,2,Yes,No,4227.572,F5
04.03.24,3,2,Yes,No,4110.364,F5
04.03.24,3,2,Yes,No,8580.435,F5
04.03.24,3,2,Yes,No,1681.329,F5
04.03.24,3,2,Yes,No,2364.369,F5
04.03.24,3,2,Yes,No,2861.492,F5
04.03.24,3,2,Yes,No,3568.782,F5
04.03.24,3,2,Yes,No,6106.942,F5
04.03.24,3,2,Yes,No,11955.218,F5
04.03.24,3,2,Yes,No,9675.724,F5
04.03.24,3,2,Yes,No,2138.036,F5
04.03.24,3,2,Yes,No,7133.523,F5
04.03.24,3,2,Yes,No,4692.362,F5
04.03.24,3,2,Yes,No,6935.482,F5
04.03.24,3,2,Yes,No,3019.117,F5
04.03.24,3,2,Yes,No,1899.578,F5
04.03.24,3,2,Yes,No,2715.993,F5
04.03.24,3,2,Yes,No,9197.798,F5
04.03.24,3,2,Yes,No,3875.948,F5
04.03.24,3,2,Yes,No,1907.662,F5
23.02.24,1,0,Yes,Yes,3738.851,B2
23.02.24,1,0,Yes,Yes,4091.668,B2
23.02.24,1,0,Yes,Yes,2850.76,B2
23.02.24,1,0,Yes,Yes,5278.141,B2
23.02.24,1,0,Yes,Yes,5344.672,B2
23.02.24,1,0,Yes,Yes,3442.485,B2
23.02.24,1,0,Yes,Yes,4987.823,B2
23.02.24,1,0,Yes,Yes,2310.447,B2
23.02.24,1,0,Yes,Yes,2671.328,B2
23.02.24,1,0,Yes,Yes,11032.08,B2
23.02.24,1,0,Yes,Yes,2310.447,B2
23.02.24,1,0,Yes,Yes,2282.221,B2
23.02.24,1,0,Yes,Yes,1983.839,B2
23.02.24,1,0,Yes,Yes,2924.348,B2
23.02.24,1,0,Yes,Yes,6254.939,B2
23.02.24,1,0,Yes,Yes,14705.408,B2
23.02.24,1,0,Yes,Yes,12592.539,B2
23.02.24,1,0,Yes,Yes,11407.074,B2
23.02.24,1,0,Yes,No,5451.525,B3
23.02.24,1,0,Yes,No,4443.477,B3
23.02.24,1,0,Yes,No,13568.33,B3
23.02.24,1,0,Yes,No,1133.046,B3
23.02.24,1,0,Yes,No,5834.583,B3
23.02.24,1,0,Yes,No,8564.378,B3
23.02.24,1,0,Yes,No,3439.461,B3
23.02.24,1,0,Yes,No,2205.61,B3
23.02.24,1,0,Yes,No,1209.658,B3
23.02.24,1,0,Yes,No,3887.034,B3
23.02.24,1,0,Yes,No,1499.976,B3
23.02.24,1,0,Yes,No,3191.481,B3
23.02.24,1,0,Yes,No,11269.98,B3
23.02.24,1,0,Yes,No,8395.026,B3
23.02.24,1,0,No,No,1818.519,B4
23.02.24,1,0,No,No,1604.813,B4
23.02.24,1,0,No,No,1974.767,B4
23.02.24,1,0,No,No,1810.455,B4
23.02.24,1,0,No,No,2580.604,B4
23.02.24,1,0,No,No,4822.503,B4
23.02.24,1,0,No,No,5568.459,B4
23.02.24,1,0,No,No,2893.098,B4
23.02.24,1,0,No,No,7693.424,B4
23.02.24,1,0,No,No,4395.09,B4
23.02.24,1,0,No,No,2441.493,B4
23.02.24,1,0,Yes,No,10286.124,F2
23.02.24,1,0,Yes,No,13068.338,F2
23.02.24,1,0,Yes,No,4620.893,F2
23.02.24,1,0,Yes,No,18044.064,F2
23.02.24,1,0,Yes,No,16394.897,F2
23.02.24,1,0,Yes,No,4221.706,F2
23.02.24,1,0,Yes,No,9564.362,F2
23.02.24,1,0,Yes,No,2556.41,F2
23.02.24,1,0,Yes,No,7293.229,F2
23.02.24,1,0,Yes,No,8937.356,F2
23.02.24,1,0,Yes,No,9469.605,F2
23.02.24,1,0,Yes,No,5705.553,F2
23.02.24,1,0,Yes,No,3798.326,F2
23.02.24,1,0,Yes,No,3775.141,F2
23.02.24,1,0,Yes,No,3376.962,F2
23.02.24,1,0,Yes,No,2270.125,F2
23.02.24,1,0,Yes,No,3497.927,F2
23.02.24,1,0,Yes,No,4955.565,F3
23.02.24,1,0,Yes,No,3738.851,F3
23.02.24,1,0,Yes,No,3614.861,F3
23.02.24,1,0,Yes,No,4817.463,F3
23.02.24,1,0,Yes,No,2709.634,F3
23.02.24,1,0,Yes,No,11967.549,F3
23.02.24,1,0,Yes,No,8213.577,F3
23.02.24,1,0,Yes,No,2981.807,F3
23.02.24,1,0,Yes,No,7767.012,F3
23.02.24,1,0,Yes,No,5128.95,F3
23.02.24,1,0,Yes,No,2580.604,F3
23.02.24,1,0,Yes,No,10807.285,F3
23.02.24,1,0,Yes,No,5568.459,F3
23.02.24,1,0,Yes,No,5372.897,F3
23.02.24,1,0,Yes,No,5782.165,F3
23.02.24,1,0,Yes,No,1588.684,F3
23.02.24,1,0,Yes,No,3614.861,F3
23.02.24,1,0,Yes,No,2581.612,F3
23.02.24,1,0,Yes,No,1201.594,F3
23.02.24,1,0,Yes,No,2981.807,F3
23.02.24,1,0,Yes,No,3614.861,F3
23.02.24,1,0,No,No,23084.305,F4
23.02.24,1,0,No,No,9753.875,F4
23.02.24,1,0,No,No,12858.664,F4
23.02.24,1,0,No,No,7293.229,F4
23.02.24,1,0,No,No,2695.521,F4
23.02.24,1,0,No,No,4955.565,F4
23.02.24,1,0,No,No,9766.98,F4
23.02.24,1,0,No,No,3150.151,F4
23.02.24,1,0,No,No,6399.09,F4
23.02.24,1,0,No,No,4451.541,F4
23.02.24,1,0,No,No,7536.169,F4
23.02.24,1,0,No,No,5210.601,F4
23.02.24,1,0,No,No,2709.634,F4
23.02.24,1,0,No,No,11082.483,F4
23.02.24,1,0,No,No,7076.499,F4
23.02.24,1,0,No,No,2580.604,F4
23.02.24,1,0,No,No,3300.35,F4
23.02.24,1,0,No,No,2061.459,F4
23.02.24,1,0,No,No,5782.165,F4
23.02.24,1,0,No,No,5766.036,F4
23.02.24,1,0,No,No,5780.149,F4
23.02.24,1,0,No,No,6842.632,F4
23.02.24,1,0,Yes,No,8240.795,F5
23.02.24,1,0,Yes,No,5661.199,F5
23.02.24,1,0,Yes,No,2665.28,F5
23.02.24,1,0,Yes,No,7290.205,F5
23.02.24,1,0,Yes,No,2282.221,F5
23.02.24,1,0,Yes,No,3391.074,F5
23.02.24,1,0,Yes,No,1467.718,F5
23.02.24,1,0,Yes,No,6136.998,F5
23.02.24,1,0,Yes,No,12157.062,F5
23.02.24,1,0,Yes,No,7608.748,F5
23.02.24,1,0,Yes,No,5895.066,F5
23.02.24,1,0,Yes,No,2310.447,F5
23.02.24,1,0,Yes,No,2665.28,F5
23.02.24,1,0,Yes,No,5931.356,F5
23.02.24,1,0,Yes,No,2665.28,F5
24.02.24,2,0,Yes,Yes,1887.453,B2
24.02.24,2,0,Yes,Yes,5213.736,B2
24.02.24,2,0,Yes,Yes,1939.995,B2
24.02.24,2,0,Yes,Yes,2950.409,B2
24.02.24,2,0,Yes,Yes,8990.664,B2
24.02.24,2,0,Yes,Yes,8526.884,B2
24.02.24,2,0,Yes,Yes,1174.101,B2
24.02.24,2,0,Yes,Yes,756.8,B2
24.02.24,2,0,Yes,Yes,2493.702,B2
24.02.24,2,0,Yes,Yes,2841.284,B2
24.02.24,2,0,Yes,Yes,2586.66,B2
24.02.24,2,0,Yes,Yes,2715.993,B2
24.02.24,2,0,Yes,Yes,2990.825,B2
24.02.24,2,0,Yes,Yes,8006.52,B2
24.02.24,2,0,Yes,Yes,4631.738,B2
24.02.24,2,0,Yes,Yes,3450.564,B2
24.02.24,2,0,Yes,Yes,2315.869,B2
24.02.24,2,0,Yes,Yes,1814.703,B2
24.02.24,2,0,Yes,No,3047.409,B3
24.02.24,2,0,Yes,No,1091.247,B3
24.02.24,2,0,Yes,No,1511.579,B3
24.02.24,2,0,Yes,No,9922.265,B3
24.02.24,2,0,Yes,No,4575.154,B3
24.02.24,2,0,Yes,No,2926.159,B3
24.02.24,2,0,Yes,No,2318.9,B3
24.02.24,2,0,Yes,No,3948.698,B3
24.02.24,2,0,Yes,No,1030.622,B3
24.02.24,2,0,Yes,No,3471.782,B3
24.02.24,2,0,Yes,No,1899.578,B3
24.02.24,2,0,Yes,No,4407.426,B3
24.02.24,2,0,Yes,No,1759.131,B3
24.02.24,2,0,Yes,No,1825.818,B3
24.02.24,2,0,No,No,2998.909,B4
24.02.24,2,0,No,No,6426.233,B4
24.02.24,2,0,No,No,4224.541,B4
24.02.24,2,0,No,No,2014.765,B4
24.02.24,2,0,No,No,2010.724,B4
24.02.24,2,0,No,No,2671.535,B4
24.02.24,2,0,No,No,5213.736,B4
24.02.24,2,0,No,No,4645.883,B4
24.02.24,2,0,No,No,1608.579,B4
24.02.24,2,0,No,No,7448.772,B4
24.02.24,2,0,No,No,1608.579,B4
24.02.24,2,0,No,No,3568.782,B4
24.02.24,2,0,Yes,No,4002.25,F2
24.02.24,2,0,Yes,No,1564.121,F2
24.02.24,2,0,Yes,No,2670.524,F2
24.02.24,2,0,Yes,No,1778.329,F2
24.02.24,2,0,Yes,No,7529.605,F2
24.02.24,2,0,Yes,No,4461.988,F2
24.02.24,2,0,Yes,No,8580.435,F2
24.02.24,2,0,Yes,No,10235.494,F2
24.02.24,2,0,Yes,No,1717.704,F2
24.02.24,2,0,Yes,No,4280.114,F2
24.02.24,2,0,Yes,No,1265.038,F2
24.02.24,2,0,Yes,No,5444.11,F3
24.02.24,2,0,Yes,No,3855.74,F3
24.02.24,2,0,Yes,No,2138.036,F3
24.02.24,2,0,Yes,No,1467.121,F3
24.02.24,2,0,Yes,No,3568.782,F3
24.02.24,2,0,Yes,No,3308.095,F3
24.02.24,2,0,Yes,No,1592.412,F3
24.02.24,2,0,Yes,No,1933.932,F3
24.02.24,2,0,Yes,No,2715.993,F3
24.02.24,2,0,Yes,No,5213.736,F3
24.02.24,2,0,Yes,No,2396.702,F3
24.02.24,2,0,Yes,No,2841.284,F3
24.02.24,2,0,Yes,No,1543.913,F3
24.02.24,2,0,Yes,No,715.373,F3
24.02.24,2,0,Yes,No,1410.538,F3
24.02.24,2,0,Yes,No,1608.579,F3
24.02.24,2,0,Yes,No,2740.243,F3
24.02.24,2,0,Yes,No,4203.322,F3
24.02.24,2,0,Yes,No,4348.822,F3
24.02.24,2,0,Yes,No,2344.16,F3
24.02.24,2,0,Yes,No,1471.163,F3
24.02.24,2,0,Yes,No,1842.995,F3
24.02.24,2,0,Yes,No,1717.704,F3
24.02.24,2,0,No,No,1681.329,F4
24.02.24,2,0,No,No,4833.82,F4
24.02.24,2,0,No,No,1665.162,F4
24.02.24,2,0,No,No,1030.622,F4
24.02.24,2,0,No,No,1539.871,F4
24.02.24,2,0,No,No,909.373,F4
24.02.24,2,0,No,No,1325.663,F4
24.02.24,2,0,No,No,1539.871,F4
24.02.24,2,0,No,No,2562.41,F4
24.02.24,2,0,No,No,1212.497,F4
24.02.24,2,0,No,No,1143.789,F4
24.02.24,2,0,No,No,2447.223,F4
24.02.24,2,0,No,No,9491.829,F4
24.02.24,2,0,No,No,2061.245,F4
24.02.24,2,0,No,No,1115.497,F4
24.02.24,2,0,No,No,3829.469,F4
24.02.24,2,0,No,No,3568.782,F4
24.02.24,2,0,No,No,1238.768,F4
24.02.24,2,0,No,No,2808.951,F4
24.02.24,2,0,Yes,No,3766.823,F5
24.02.24,2,0,Yes,No,3198.971,F5
24.02.24,2,0,Yes,No,1366.08,F5
24.02.24,2,0,Yes,No,1899.578,F5
24.02.24,2,0,Yes,No,965.956,F5
24.02.24,2,0,Yes,No,2534.118,F5
24.02.24,2,0,Yes,No,1394.371,F5
24.02.24,2,0,Yes,No,1394.371,F5
24.02.24,2,0,Yes,No,1907.662,F6
24.02.24,2,0,Yes,No,2477.535,F6
24.02.24,2,0,Yes,No,2897.867,F6
24.02.24,2,0,Yes,No,1487.329,F6
24.02.24,2,0,Yes,No,3157.544,F6
24.02.24,2,0,Yes,No,2715.993,F6
02.03.24,3,0,Yes,Yes,8891.643,B2
02.03.24,3,0,Yes,Yes,7262.856,B2
02.03.24,3,0,Yes,Yes,3390.949,B2
02.03.24,3,0,Yes,Yes,9853.557,B2
02.03.24,3,0,Yes,Yes,1657.079,B2
02.03.24,3,0,Yes,Yes,3047.409,B2
02.03.24,3,0,Yes,Yes,5072.278,B2
02.03.24,3,0,Yes,Yes,1394.371,B2
02.03.24,3,0,Yes,Yes,3447.532,B2
02.03.24,3,0,Yes,Yes,4575.154,B2
02.03.24,3,0,Yes,Yes,5072.278,B2
02.03.24,3,0,Yes,Yes,4575.154,B2
02.03.24,3,0,Yes,Yes,5326.902,B2
02.03.24,3,0,Yes,Yes,6155.442,B2
02.03.24,3,0,Yes,Yes,3799.157,B2
02.03.24,3,0,Yes,Yes,2804.909,B2
02.03.24,3,0,Yes,Yes,2857.451,B2
02.03.24,3,0,Yes,Yes,11029.679,B2
02.03.24,3,0,Yes,Yes,7295.189,B2
02.03.24,3,0,Yes,Yes,7016.315,B2
02.03.24,3,0,Yes,Yes,5072.278,B2
02.03.24,3,0,Yes,Yes,8907.81,B2
02.03.24,3,0,Yes,Yes,5019.737,B2
02.03.24,3,0,Yes,Yes,7307.314,B2
02.03.24,3,0,Yes,Yes,7941.854,B2
02.03.24,3,0,Yes,Yes,4575.154,B2
02.03.24,3,0,Yes,Yes,4595.363,B2
02.03.24,3,0,Yes,Yes,8907.81,B2
02.03.24,3,0,Yes,Yes,4829.779,B2
02.03.24,3,0,Yes,Yes,3560.699,B2
02.03.24,3,0,Yes,Yes,12226.009,B2
02.03.24,3,0,Yes,Yes,3245.45,B2
02.03.24,3,0,Yes,Yes,4328.613,B2
02.03.24,3,0,Yes,No,2841.284,B3
02.03.24,3,0,Yes,No,4971.237,B3
02.03.24,3,0,Yes,No,6705.107,B3
02.03.24,3,0,Yes,No,4538.78,B3
02.03.24,3,0,Yes,No,4538.78,B3
02.03.24,3,0,Yes,No,4090.156,B3
02.03.24,3,0,Yes,No,4971.237,B3
02.03.24,3,0,Yes,No,5549.194,B3
02.03.24,3,0,Yes,No,4263.947,B3
02.03.24,3,0,No,No,5601.735,B4
02.03.24,3,0,No,No,6600.024,B4
02.03.24,3,0,No,No,5326.902,B4
02.03.24,3,0,No,No,8798.685,B4
02.03.24,3,0,No,No,4538.78,B4
02.03.24,3,0,No,No,24597.518,B4
02.03.24,3,0,No,No,5476.444,B4
02.03.24,3,0,No,No,12189.634,B4
02.03.24,3,0,No,No,9138.184,B4
02.03.24,3,0,No,No,7885.271,B4
02.03.24,3,0,No,No,6401.983,B4
02.03.24,3,0,Yes,No,2841.284,F2
02.03.24,3,0,Yes,No,6401.983,F2
02.03.24,3,0,Yes,No,5549.194,F2
02.03.24,3,0,Yes,No,3019.117,F2
02.03.24,3,0,Yes,No,4538.78,F2
02.03.24,3,0,Yes,No,6038.234,F2
02.03.24,3,0,Yes,No,5326.902,F2
02.03.24,3,0,Yes,No,5326.902,F2
02.03.24,3,0,Yes,No,8232.853,F2
02.03.24,3,0,Yes,No,3245.45,F2
02.03.24,3,0,Yes,No,5072.278,F2
02.03.24,3,0,Yes,No,7885.271,F2
02.03.24,3,0,Yes,No,9578.724,F2
02.03.24,3,0,Yes,No,3047.409,F2
02.03.24,3,0,Yes,No,3657.699,F2
02.03.24,3,0,Yes,No,6106.942,F2
02.03.24,3,0,Yes,No,11825.885,F2
02.03.24,3,0,Yes,No,6996.106,F2
02.03.24,3,0,Yes,No,6401.983,F2
02.03.24,3,0,Yes,No,6147.359,F2
02.03.24,3,0,Yes,No,2671.535,F2
02.03.24,3,0,Yes,No,6147.359,F2
02.03.24,3,0,Yes,No,3293.95,F3
02.03.24,3,0,Yes,No,2050.13,F3
02.03.24,3,0,Yes,No,4102.281,F3
02.03.24,3,0,Yes,No,7149.689,F3
02.03.24,3,0,Yes,No,3125.21,F3
02.03.24,3,0,Yes,No,4101.27,F3
02.03.24,3,0,Yes,No,3747.625,F3
02.03.24,3,0,Yes,No,7093.106,F3
02.03.24,3,0,Yes,No,4538.78,F3
02.03.24,3,0,Yes,No,9578.724,F3
02.03.24,3,0,Yes,No,9530.225,F3
02.03.24,3,0,Yes,No,11421.72,F3
02.03.24,3,0,Yes,No,2671.535,F3
02.03.24,3,0,Yes,No,2841.284,F3
02.03.24,3,0,Yes,No,7921.646,F3
02.03.24,3,0,Yes,No,6155.442,F3
02.03.24,3,0,Yes,No,3431.366,F3
02.03.24,3,0,Yes,No,4538.78,F3
02.03.24,3,0,Yes,No,6600.024,F3
02.03.24,3,0,Yes,No,7210.314,F3
02.03.24,3,0,Yes,No,5549.194,F3
02.03.24,3,0,Yes,No,4328.613,F3
02.03.24,3,0,Yes,No,7626.605,F3
02.03.24,3,0,Yes,No,5589.61,F3
02.03.24,3,0,Yes,No,4348.822,F3
02.03.24,3,0,Yes,No,7262.856,F3
02.03.24,3,0,Yes,No,3657.699,F3
02.03.24,3,0,Yes,No,8006.52,F3
02.03.24,3,0,Yes,No,5549.194,F3
02.03.24,3,0,Yes,No,9922.265,F3
02.03.24,3,0,No,No,13377.881,F4
02.03.24,3,0,No,No,6401.983,F4
02.03.24,3,0,No,No,9530.225,F4
02.03.24,3,0,No,No,5872.526,F4
02.03.24,3,0,No,No,2598.785,F4
02.03.24,3,0,No,No,6705.107,F4
02.03.24,3,0,No,No,12339.175,F4
02.03.24,3,0,No,No,6106.942,F4
02.03.24,3,0,No,No,7295.189,F4
02.03.24,3,0,No,No,4348.822,F4
02.03.24,3,0,No,No,3261.616,F4
02.03.24,3,0,No,No,3568.782,F4
02.03.24,3,0,No,No,2447.223,F4
02.03.24,3,0,No,No,8992.684,F4
02.03.24,3,0,No,No,2318.9,F4
02.03.24,3,0,No,No,4481.186,F4
02.03.24,3,0,No,No,6835.451,F4
02.03.24,3,0,No,No,4999.528,F4
02.03.24,3,0,No,No,11066.054,F4
02.03.24,3,0,No,No,2061.245,F4
02.03.24,3,0,No,No,3293.95,F4
02.03.24,3,0,No,No,3855.74,F4
02.03.24,3,0,No,No,14671.211,F4
02.03.24,3,0,No,No,14646.961,F4
02.03.24,3,0,No,No,14170.046,F4
02.03.24,3,0,No,No,4061.864,F4
02.03.24,3,0,No,No,2477.535,F4
02.03.24,3,0,No,No,2897.867,F4
02.03.24,3,0,No,No,3047.409,F4
02.03.24,3,0,No,No,4829.779,F4
02.03.24,3,0,No,No,4348.822,F4
02.03.24,3,0,No,No,13026.257,F4
02.03.24,3,0,No,No,13834.588,F4
02.03.24,3,0,No,No,3083.783,F4
02.03.24,3,0,No,No,3157.544,F4
02.03.24,3,0,No,No,5072.278,F4
02.03.24,3,0,No,No,5743.193,F4
02.03.24,3,0,No,No,2659.41,F4
02.03.24,3,0,No,No,2384.577,F4
02.03.24,3,0,No,No,3253.533,F4
02.03.24,3,0,No,No,2587.67,F4
02.03.24,3,0,No,No,3568.782,F4
02.03.24,3,0,No,No,4987.403,F4
02.03.24,3,0,No,No,6737.44,F4
02.03.24,3,0,No,No,8499.602,F4
02.03.24,3,0,No,No,5076.32,F4
02.03.24,3,0,Yes,No,3855.74,F5
02.03.24,3,0,Yes,No,8188.395,F5
02.03.24,3,0,Yes,No,6753.607,F5
02.03.24,3,0,Yes,No,5072.278,F5
02.03.24,3,0,Yes,No,7723.604,F5
02.03.24,3,0,Yes,No,7016.315,F5
02.03.24,3,0,Yes,No,1029.612,F5
02.03.24,3,0,Yes,No,3944.656,F5
02.03.24,3,0,Yes,No,2857.451,F5
02.03.24,3,0,Yes,No,2315.869,F5
02.03.24,3,0,Yes,No,3934.552,F5
02.03.24,3,0,Yes,No,3450.564,F5
02.03.24,3,0,Yes,No,3140.367,F5
02.03.24,3,0,Yes,No,2586.66,F5
02.03.24,3,0,Yes,No,6697.024,F5
02.03.24,3,0,Yes,No,3140.367,F5
02.03.24,3,0,Yes,No,2392.66,F5
02.03.24,3,0,Yes,No,4967.195,F5
02.03.24,3,0,Yes,No,3785.011,F5
02.03.24,3,0,Yes,No,5468.36,F5
02.03.24,3,0,Yes,No,3766.823,F5
02.03.24,3,0,Yes,No,4829.779,F5
02.03.24,3,0,Yes,No,3896.156,F5
02.03.24,3,0,Yes,No,5078.341,F5
02.03.24,3,0,Yes,No,6595.982,F5
21.02.24,1,-3,Yes,Yes,2665.28,B2
21.02.24,1,-3,Yes,Yes,2056.418,B2
21.02.24,1,-3,Yes,Yes,2572.539,B2
21.02.24,1,-3,Yes,Yes,1818.519,B2
21.02.24,1,-3,Yes,Yes,3028.177,B2
21.02.24,1,-3,Yes,Yes,3245.915,B2
21.02.24,1,-3,Yes,Yes,3463.654,B2
21.02.24,1,-3,Yes,Yes,5391.042,B2
21.02.24,1,-3,Yes,Yes,4657.183,B2
21.02.24,1,-3,Yes,Yes,1322.559,B2
21.02.24,1,-3,Yes,No,3887.034,B3
21.02.24,1,-3,Yes,No,9209.529,B3
21.02.24,1,-3,Yes,No,9407.106,B3
21.02.24,1,-3,Yes,No,7528.104,B3
21.02.24,1,-3,Yes,No,4923.308,B3
21.02.24,1,-3,No,No,2004.0,B4
21.02.24,1,-3,No,No,2441.493,B4
21.02.24,1,-3,No,No,1713.682,B4
21.02.24,1,-3,No,No,2395.123,B4
21.02.24,1,-3,No,No,2310.447,B4
21.02.24,1,-3,No,No,6418.243,B4
21.02.24,1,-3,No,No,1604.813,B4
21.02.24,1,-3,No,No,3469.702,B4
21.02.24,1,-3,No,No,3614.861,B4
21.02.24,1,-3,No,No,2853.785,B4
21.02.24,1,-3,No,No,3286.237,B4
21.02.24,1,-3,No,No,2006.016,B4
21.02.24,1,-3,Yes,No,2695.521,F2
21.02.24,1,-3,Yes,No,2983.823,F2
21.02.24,1,-3,Yes,No,2441.493,F2
21.02.24,1,-3,Yes,No,2165.288,F2
21.02.24,1,-3,Yes,No,2441.493,F2
21.02.24,1,-3,Yes,No,1943.517,F2
21.02.24,1,-3,Yes,No,1366.913,F2
21.02.24,1,-3,Yes,No,867.93,F2
21.02.24,1,-3,Yes,No,1588.684,F2
21.02.24,1,-3,Yes,No,2580.604,F2
21.02.24,1,-3,Yes,No,1568.523,F2
21.02.24,1,-3,Yes,No,2588.668,F3
21.02.24,1,-3,Yes,No,2701.569,F3
21.02.24,1,-3,Yes,No,7524.072,F3
21.02.24,1,-3,Yes,No,925.388,F3
21.02.24,1,-3,Yes,No,964.702,F3
21.02.24,1,-3,Yes,No,1027.201,F3
21.02.24,1,-3,Yes,No,1883.034,F3
21.02.24,1,-3,Yes,No,7767.012,F3
21.02.24,1,-3,Yes,No,2580.604,F3
21.02.24,1,-3,Yes,No,4100.74,F3
21.02.24,1,-3,Yes,No,2762.052,F3
21.02.24,1,-3,Yes,No,2707.618,F3
21.02.24,1,-3,Yes,No,1858.841,F3
21.02.24,1,-3,Yes,No,1637.07,F3
21.02.24,1,-3,Yes,No,1974.767,F3
21.02.24,1,-3,Yes,No,2419.316,F3
21.02.24,1,-3,Yes,No,2709.634,F3
21.02.24,1,-3,No,No,2695.521,F4
21.02.24,1,-3,No,No,2282.221,F4
21.02.24,1,-3,No,No,2580.604,F4
21.02.24,1,-3,No,No,6786.181,F4
21.02.24,1,-3,No,No,2580.604,F4
21.02.24,1,-3,No,No,1943.517,F4
21.02.24,1,-3,No,No,3439.461,F4
21.02.24,1,-3,No,No,1903.195,F4
21.02.24,1,-3,No,No,5931.356,F4
21.02.24,1,-3,No,No,1028.209,F4
21.02.24,1,-3,No,No,2936.445,F4
21.02.24,1,-3,No,No,4338.64,F4
21.02.24,1,-3,Yes,No,6689.408,F5
21.02.24,1,-3,Yes,No,3999.935,F5
21.02.24,1,-3,Yes,No,1939.485,F5
21.02.24,1,-3,Yes,No,2313.471,F5
21.02.24,1,-3,Yes,No,2313.471,F5
21.02.24,1,-3,Yes,No,5005.968,F5
21.02.24,1,-3,Yes,No,3439.461,F5
21.02.24,2,-3,Yes,Yes,6689.408,B2
21.02.24,2,-3,Yes,Yes,915.308,B2
21.02.24,2,-3,Yes,Yes,866.922,B2
21.02.24,2,-3,Yes,Yes,1394.131,B2
21.02.24,2,-3,Yes,Yes,782.245,B2
21.02.24,2,-3,Yes,No,3133.014,B3
21.02.24,2,-3,Yes,No,1955.614,B3
21.02.24,2,-3,Yes,No,2310.447,B3
21.02.24,2,-3,Yes,No,4318.479,B3
21.02.24,2,-3,Yes,No,1027.201,B3
21.02.24,2,-3,Yes,No,1631.022,B3
21.02.24,2,-3,Yes,No,1758.036,B3
21.02.24,2,-3,No,No,2222.746,B4
21.02.24,2,-3,No,No,1821.543,B4
21.02.24,2,-3,No,No,512.089,B4
21.02.24,2,-3,No,No,935.469,B4
21.02.24,2,-3,No,No,1322.559,B4
21.02.24,2,-3,No,No,1002.0,B4
21.02.24,2,-3,No,No,1331.632,B4
21.02.24,2,-3,No,No,2664.272,B4
21.02.24,2,-3,Yes,No,3560.426,F2
21.02.24,2,-3,Yes,No,1945.533,F2
21.02.24,2,-3,Yes,No,1356.833,F2
21.02.24,2,-3,Yes,No,2173.352,F2
21.02.24,2,-3,Yes,No,1677.392,F2
21.02.24,2,-3,Yes,No,2310.447,F2
21.02.24,2,-3,Yes,No,737.891,F2
21.02.24,2,-3,Yes,No,4817.463,F3
21.02.24,2,-3,Yes,No,1758.036,F3
21.02.24,2,-3,Yes,No,1560.459,F3
21.02.24,2,-3,Yes,No,1318.527,F3
21.02.24,2,-3,Yes,No,2104.805,F3
21.02.24,2,-3,No,No,3649.135,F4
21.02.24,2,-3,No,No,786.278,F4
21.02.24,2,-3,No,No,1177.4,F4
21.02.24,2,-3,No,No,1535.257,F4
21.02.24,2,-3,No,No,1391.107,F4
21.02.24,2,-3,Yes,No,1108.853,F5
21.02.24,2,-3,Yes,No,1177.4,F5
21.02.24,2,-3,Yes,No,2597.74,F5
21.02.24,2,-3,Yes,No,1737.875,F6
21.02.24,2,-3,Yes,No,1391.107,F6
21.02.24,2,-3,Yes,No,737.891,F6
21.02.24,2,-3,Yes,No,1229.819,F6
21.02.24,2,-3,Yes,No,1821.543,F6
28.02.24,3,-3,Yes,Yes,3910.302,B2
28.02.24,3,-3,Yes,Yes,4841.904,B2
28.02.24,3,-3,Yes,Yes,3083.783,B2
28.02.24,3,-3,Yes,Yes,5795.735,B2
28.02.24,3,-3,Yes,Yes,2860.482,B2
28.02.24,3,-3,Yes,Yes,2287.577,B2
28.02.24,3,-3,Yes,Yes,3450.564,B2
28.02.24,3,-3,Yes,Yes,5592.641,B2
28.02.24,3,-3,Yes,Yes,3293.95,B2
28.02.24,3,-3,Yes,Yes,2701.847,B2
28.02.24,3,-3,Yes,Yes,6632.357,B2
28.02.24,3,-3,Yes,No,3799.157,B3
28.02.24,3,-3,Yes,No,4478.155,B3
28.02.24,3,-3,Yes,No,6106.942,B3
28.02.24,3,-3,Yes,No,9954.598,B3
28.02.24,3,-3,Yes,No,5072.278,B3
28.02.24,3,-3,Yes,No,6862.732,B3
28.02.24,3,-3,Yes,No,4102.281,B3
28.02.24,3,-3,Yes,No,1960.203,B3
28.02.24,3,-3,Yes,No,5549.194,B3
28.02.24,3,-3,Yes,No,6996.106,B3
28.02.24,3,-3,Yes,No,4090.156,B3
28.02.24,3,-3,Yes,No,8580.435,B3
28.02.24,3,-3,Yes,No,4348.822,B3
28.02.24,3,-3,Yes,No,1277.163,B3
28.02.24,3,-3,Yes,No,5076.32,B3
28.02.24,3,-3,Yes,No,3047.409,B3
28.02.24,3,-3,Yes,No,8580.435,B3
28.02.24,3,-3,Yes,No,7606.396,B3
28.02.24,3,-3,Yes,No,4263.947,B3
28.02.24,3,-3,Yes,No,9530.225,B3
28.02.24,3,-3,Yes,No,1681.329,B3
28.02.24,3,-3,No,No,4971.237,B4
28.02.24,3,-3,No,No,8257.103,B4
28.02.24,3,-3,No,No,4575.154,B4
28.02.24,3,-3,No,No,4328.613,B4
28.02.24,3,-3,No,No,7921.646,B4
28.02.24,3,-3,No,No,11057.971,B4
28.02.24,3,-3,Yes,No,5601.735,F2
28.02.24,3,-3,Yes,No,4328.613,F2
28.02.24,3,-3,Yes,No,6349.441,F2
28.02.24,3,-3,Yes,No,5076.32,F2
28.02.24,3,-3,Yes,No,4829.779,F2
28.02.24,3,-3,Yes,No,4829.779,F2
28.02.24,3,-3,Yes,No,8907.81,F2
28.02.24,3,-3,Yes,No,8891.643,F2
28.02.24,3,-3,Yes,No,6862.732,F2
28.02.24,3,-3,Yes,No,5076.32,F2
28.02.24,3,-3,Yes,No,9954.598,F2
28.02.24,3,-3,Yes,No,5589.61,F2
28.02.24,3,-3,Yes,No,5019.737,F2
28.02.24,3,-3,Yes,No,4829.779,F2
28.02.24,3,-3,Yes,No,5072.278,F2
28.02.24,3,-3,Yes,No,9247.309,F2
28.02.24,3,-3,Yes,No,4348.822,F2
28.02.24,3,-3,Yes,No,4348.822,F2
28.02.24,3,-3,Yes,No,5177.361,F2
28.02.24,3,-3,Yes,No,9271.559,F2
28.02.24,3,-3,Yes,No,3209.075,F2
28.02.24,3,-3,Yes,No,3633.449,F2
28.02.24,3,-3,Yes,No,4829.779,F2
28.02.24,3,-3,Yes,No,3912.323,F2
28.02.24,3,-3,Yes,No,9271.559,F2
28.02.24,3,-3,Yes,No,6935.482,F2
28.02.24,3,-3,Yes,No,5076.32,F2
28.02.24,3,-3,Yes,No,6737.44,F2
28.02.24,3,-3,Yes,No,5318.819,F2
28.02.24,3,-3,Yes,No,15447.209,F2
28.02.24,3,-3,Yes,No,8580.435,F2
28.02.24,3,-3,Yes,No,11057.971,F3
28.02.24,3,-3,Yes,No,4829.779,F3
28.02.24,3,-3,Yes,No,5828.068,F3
28.02.24,3,-3,Yes,No,5589.61,F3
28.02.24,3,-3,Yes,No,6426.233,F3
28.02.24,3,-3,Yes,No,4971.237,F3
28.02.24,3,-3,Yes,No,4328.613,F3
28.02.24,3,-3,Yes,No,4757.029,F3
28.02.24,3,-3,Yes,No,5795.735,F3
28.02.24,3,-3,Yes,No,10868.013,F3
28.02.24,3,-3,Yes,No,6858.69,F3
28.02.24,3,-3,Yes,No,7731.688,F3
28.02.24,3,-3,Yes,No,6858.69,F3
28.02.24,3,-3,Yes,No,4094.197,F3
28.02.24,3,-3,No,No,8544.061,F4
28.02.24,3,-3,No,No,4538.78,F4
28.02.24,3,-3,No,No,9210.934,F4
28.02.24,3,-3,No,No,6410.066,F4
28.02.24,3,-3,No,No,4829.779,F4
28.02.24,3,-3,No,No,5872.526,F4
28.02.24,3,-3,No,No,6676.816,F4
28.02.24,3,-3,No,No,4203.322,F4
28.02.24,3,-3,No,No,5326.902,F4
28.02.24,3,-3,No,No,5262.236,F4
28.02.24,3,-3,No,No,3633.449,F4
28.02.24,3,-3,No,No,5262.236,F4
28.02.24,3,-3,No,No,7004.19,F4
28.02.24,3,-3,No,No,3019.117,F4
28.02.24,3,-3,No,No,5872.526,F4
28.02.24,3,-3,No,No,3896.156,F4
28.02.24,3,-3,No,No,3657.699,F4
28.02.24,3,-3,No,No,7113.314,F4
28.02.24,3,-3,No,No,2032.953,F4
28.02.24,3,-3,No,No,6147.359,F4
28.02.24,3,-3,Yes,No,3799.157,F5
28.02.24,3,-3,Yes,No,4829.779,F5
28.02.24,3,-3,Yes,No,2497.743,F5
28.02.24,3,-3,Yes,No,6935.482,F5
28.02.24,3,-3,Yes,No,7210.314,F5
28.02.24,3,-3,Yes,No,3896.156,F5
28.02.24,3,-3,Yes,No,5589.61,F5
28.02.24,3,-3,Yes,No,4090.156,F5
28.02.24,3,-3,Yes,No,3742.573,F5
28.02.24,3,-3,Yes,No,2841.284,F5
28.02.24,3,-3,Yes,No,14246.837,F5
28.02.24,3,-3,Yes,No,5326.902,F5
28.02.24,3,-3,Yes,No,4805.529,F5
28.02.24,3,-3,Yes,No,2671.535,F5
