Animal_ID,Age,Tissue,Estrus_cycle,Position,X_position,Y_position,Module,Hz,Indentation
1,33,Endometrium,Fol,Contra,1,0,E1,1,1001.362003
1,33,Endometrium,Fol,Contra,2,0,E1,1,1480.136374
1,33,Endometrium,Fol,Contra,3,0,E1,1,1177.655154
1,33,Endometrium,Fol,Contra,4,0,E1,1,1832.451944
1,33,Endometrium,Fol,Contra,5,0,E1,1,3985.907713
1,33,Endometrium,Fol,Contra,6,0,E1,1,2919.176564
1,33,Endometrium,Fol,Contra,7,0,E1,1,1688.876087
1,33,Endometrium,Fol,Contra,1,0,E1,5,1314.478688
1,33,Endometrium,Fol,Contra,2,0,E1,5,1889.308985
1,33,Endometrium,Fol,Contra,3,0,E1,5,1327.224299
1,33,Endometrium,Fol,Contra,4,0,E1,5,2575.304161
1,33,Endometrium,Fol,Contra,5,0,E1,5,4770.259841
1,33,Endometrium,Fol,Contra,6,0,E1,5,3551.24945
1,33,Endometrium,Fol,Contra,7,0,E1,5,2440.661368
1,33,Endometrium,Fol,Contra,1,0,E1,10,1383.253877
1,33,Endometrium,Fol,Contra,2,0,E1,10,2312.903334
1,33,Endometrium,Fol,Contra,3,0,E1,10,1348.501815
1,33,Endometrium,Fol,Contra,4,0,E1,10,3049.291852
1,33,Endometrium,Fol,Contra,5,0,E1,10,5052.654038
1,33,Endometrium,Fol,Contra,6,0,E1,10,3801.972944
1,33,Endometrium,Fol,Contra,7,0,E1,10,2891.334109
1,33,Endometrium,Fol,Contra,1,0,E1,20,1535.602533
1,33,Endometrium,Fol,Contra,2,0,E1,20,2643.316965
1,33,Endometrium,Fol,Contra,3,0,E1,20,1476.531276
1,33,Endometrium,Fol,Contra,4,0,E1,20,3622.459156
1,33,Endometrium,Fol,Contra,5,0,E1,20,5671.930052
1,33,Endometrium,Fol,Contra,6,0,E1,20,4125.979938
1,33,Endometrium,Fol,Contra,7,0,E1,20,3475.767462
1,33,Endometrium,Fol,Contra,1,0,E2,1,219.133063
1,33,Endometrium,Fol,Contra,2,0,E2,1,450.211066
1,33,Endometrium,Fol,Contra,3,0,E2,1,650.923803
1,33,Endometrium,Fol,Contra,4,0,E2,1,598.106979
1,33,Endometrium,Fol,Contra,5,0,E2,1,1057.676376
1,33,Endometrium,Fol,Contra,6,0,E2,1,914.524526
1,33,Endometrium,Fol,Contra,7,0,E2,1,517.722476
1,33,Endometrium,Fol,Contra,1,0,E2,5,426.906292
1,33,Endometrium,Fol,Contra,2,0,E2,5,772.031129
1,33,Endometrium,Fol,Contra,3,0,E2,5,419.854127
1,33,Endometrium,Fol,Contra,4,0,E2,5,993.058369
1,33,Endometrium,Fol,Contra,5,0,E2,5,1128.72243
1,33,Endometrium,Fol,Contra,6,0,E2,5,978.353346
1,33,Endometrium,Fol,Contra,7,0,E2,5,964.496729
1,33,Endometrium,Fol,Contra,1,0,E2,10,511.239983
1,33,Endometrium,Fol,Contra,2,0,E2,10,1097.614444
1,33,Endometrium,Fol,Contra,3,0,E2,10,475.053208
1,33,Endometrium,Fol,Contra,4,0,E2,10,1318.328184
1,33,Endometrium,Fol,Contra,5,0,E2,10,1357.816567
1,33,Endometrium,Fol,Contra,6,0,E2,10,1047.15261
1,33,Endometrium,Fol,Contra,7,0,E2,10,1283.866129
1,33,Endometrium,Fol,Contra,1,0,E2,20,711.931065
1,33,Endometrium,Fol,Contra,2,0,E2,20,1521.39085
1,33,Endometrium,Fol,Contra,3,0,E2,20,725.633882
1,33,Endometrium,Fol,Contra,4,0,E2,20,1885.939551
1,33,Endometrium,Fol,Contra,5,0,E2,20,1778.689058
1,33,Endometrium,Fol,Contra,6,0,E2,20,1429.034859
1,33,Endometrium,Fol,Contra,7,0,E2,20,1879.621421
1,33,Endometrium,Fol,Ipsi,1,0,E1,1,4049.069676
1,33,Endometrium,Fol,Ipsi,2,0,E1,1,4862.804266
1,33,Endometrium,Fol,Ipsi,3,0,E1,1,2813.361756
1,33,Endometrium,Fol,Ipsi,4,0,E1,1,3409.233825
1,33,Endometrium,Fol,Ipsi,5,0,E1,1,3622.05277
1,33,Endometrium,Fol,Ipsi,6,0,E1,1,2314.29039
1,33,Endometrium,Fol,Ipsi,1,0,E1,5,5905.729869
1,33,Endometrium,Fol,Ipsi,2,0,E1,5,6856.300614
1,33,Endometrium,Fol,Ipsi,3,0,E1,5,4004.111878
1,33,Endometrium,Fol,Ipsi,4,0,E1,5,4594.346899
1,33,Endometrium,Fol,Ipsi,5,0,E1,5,4760.846723
1,33,Endometrium,Fol,Ipsi,6,0,E1,5,3013.633216
1,33,Endometrium,Fol,Ipsi,1,0,E1,10,6826.473278
1,33,Endometrium,Fol,Ipsi,2,0,E1,10,7896.830326
1,33,Endometrium,Fol,Ipsi,3,0,E1,10,4622.399095
1,33,Endometrium,Fol,Ipsi,4,0,E1,10,5427.704273
1,33,Endometrium,Fol,Ipsi,5,0,E1,10,5495.517671
1,33,Endometrium,Fol,Ipsi,6,0,E1,10,3698.427227
1,33,Endometrium,Fol,Ipsi,1,0,E1,20,8023.972118
1,33,Endometrium,Fol,Ipsi,2,0,E1,20,9219.769041
1,33,Endometrium,Fol,Ipsi,3,0,E1,20,5413.039466
1,33,Endometrium,Fol,Ipsi,4,0,E1,20,6883.064193
1,33,Endometrium,Fol,Ipsi,5,0,E1,20,6536.989028
1,33,Endometrium,Fol,Ipsi,6,0,E1,20,4607.1339
1,33,Endometrium,Fol,Ipsi,1,0,E2,1,977.625938
1,33,Endometrium,Fol,Ipsi,2,0,E2,1,1334.783921
1,33,Endometrium,Fol,Ipsi,3,0,E2,1,680.42657
1,33,Endometrium,Fol,Ipsi,4,0,E2,1,908.222185
1,33,Endometrium,Fol,Ipsi,5,0,E2,1,987.015392
1,33,Endometrium,Fol,Ipsi,6,0,E2,1,658.707707
1,33,Endometrium,Fol,Ipsi,1,0,E2,5,1614.538869
1,33,Endometrium,Fol,Ipsi,2,0,E2,5,2738.783758
1,33,Endometrium,Fol,Ipsi,3,0,E2,5,1051.797105
1,33,Endometrium,Fol,Ipsi,4,0,E2,5,1342.29754
1,33,Endometrium,Fol,Ipsi,5,0,E2,5,1347.792761
1,33,Endometrium,Fol,Ipsi,6,0,E2,5,1017.551417
1,33,Endometrium,Fol,Ipsi,1,0,E2,10,2651.096524
1,33,Endometrium,Fol,Ipsi,2,0,E2,10,4045.174527
1,33,Endometrium,Fol,Ipsi,3,0,E2,10,1665.078647
1,33,Endometrium,Fol,Ipsi,4,0,E2,10,1980.431133
1,33,Endometrium,Fol,Ipsi,5,0,E2,10,1875.420179
1,33,Endometrium,Fol,Ipsi,6,0,E2,10,1530.318318
1,33,Endometrium,Fol,Ipsi,1,0,E2,20,3978.365227
1,33,Endometrium,Fol,Ipsi,2,0,E2,20,6832.873138
1,33,Endometrium,Fol,Ipsi,3,0,E2,20,2375.752567
1,33,Endometrium,Fol,Ipsi,4,0,E2,20,2861.104928
1,33,Endometrium,Fol,Ipsi,5,0,E2,20,2569.133723
1,33,Endometrium,Fol,Ipsi,6,0,E2,20,2341.559662
2,66,Endometrium,Fol,Contra,1,0,E1,1,16952.51506
2,66,Endometrium,Fol,Contra,2,0,E1,1,5289.904846
2,66,Endometrium,Fol,Contra,3,0,E1,1,4581.196613
2,66,Endometrium,Fol,Contra,4,0,E1,1,1976.066282
2,66,Endometrium,Fol,Contra,5,0,E1,1,6465.758012
2,66,Endometrium,Fol,Contra,1,0,E1,5,18580.61904
2,66,Endometrium,Fol,Contra,2,0,E1,5,6414.478732
2,66,Endometrium,Fol,Contra,3,0,E1,5,5967.44379
2,66,Endometrium,Fol,Contra,4,0,E1,5,2505.89631
2,66,Endometrium,Fol,Contra,5,0,E1,5,7622.096153
2,66,Endometrium,Fol,Contra,1,0,E1,10,19615.07797
2,66,Endometrium,Fol,Contra,2,0,E1,10,7325.521662
2,66,Endometrium,Fol,Contra,3,0,E1,10,6500.486674
2,66,Endometrium,Fol,Contra,4,0,E1,10,2814.279729
2,66,Endometrium,Fol,Contra,5,0,E1,10,8508.075596
2,66,Endometrium,Fol,Contra,1,0,E1,20,20872.06257
2,66,Endometrium,Fol,Contra,2,0,E1,20,8571.561189
2,66,Endometrium,Fol,Contra,3,0,E1,20,7357.075266
2,66,Endometrium,Fol,Contra,4,0,E1,20,3213.938303
2,66,Endometrium,Fol,Contra,5,0,E1,20,9546.236453
2,66,Endometrium,Fol,Contra,1,0,E2,1,2219.546283
2,66,Endometrium,Fol,Contra,2,0,E2,1,1491.173781
2,66,Endometrium,Fol,Contra,3,0,E2,1,1338.606347
2,66,Endometrium,Fol,Contra,4,0,E2,1,490.718017
2,66,Endometrium,Fol,Contra,5,0,E2,1,1375.695965
2,66,Endometrium,Fol,Contra,1,0,E2,5,1652.478708
2,66,Endometrium,Fol,Contra,2,0,E2,5,1943.364695
2,66,Endometrium,Fol,Contra,3,0,E2,5,1804.496642
2,66,Endometrium,Fol,Contra,4,0,E2,5,740.10168
2,66,Endometrium,Fol,Contra,5,0,E2,5,1891.915398
2,66,Endometrium,Fol,Contra,1,0,E2,10,3019.01467
2,66,Endometrium,Fol,Contra,2,0,E2,10,2525.40199
2,66,Endometrium,Fol,Contra,3,0,E2,10,2216.613548
2,66,Endometrium,Fol,Contra,4,0,E2,10,926.138707
2,66,Endometrium,Fol,Contra,5,0,E2,10,2519.488699
2,66,Endometrium,Fol,Contra,1,0,E2,20,4467.179724
2,66,Endometrium,Fol,Contra,2,0,E2,20,3557.185415
2,66,Endometrium,Fol,Contra,3,0,E2,20,3175.711406
2,66,Endometrium,Fol,Contra,4,0,E2,20,1279.161976
2,66,Endometrium,Fol,Contra,5,0,E2,20,3584.533315
3,52,Endometrium,Fol,Ipsi,1,0,E1,1,4717.546012
3,52,Endometrium,Fol,Ipsi,2,0,E1,1,2432.766714
3,52,Endometrium,Fol,Ipsi,3,0,E1,1,1645.889141
3,52,Endometrium,Fol,Ipsi,4,0,E1,1,3118.249694
3,52,Endometrium,Fol,Ipsi,1,0,E1,5,8765.25736
3,52,Endometrium,Fol,Ipsi,2,0,E1,5,3094.483025
3,52,Endometrium,Fol,Ipsi,3,0,E1,5,2068.907777
3,52,Endometrium,Fol,Ipsi,4,0,E1,5,3850.242132
3,52,Endometrium,Fol,Ipsi,1,0,E1,10,10923.09435
3,52,Endometrium,Fol,Ipsi,2,0,E1,10,3493.732129
3,52,Endometrium,Fol,Ipsi,3,0,E1,10,2302.026707
3,52,Endometrium,Fol,Ipsi,4,0,E1,10,4289.300325
3,52,Endometrium,Fol,Ipsi,1,0,E1,20,12290.09147
3,52,Endometrium,Fol,Ipsi,2,0,E1,20,4108.756958
3,52,Endometrium,Fol,Ipsi,3,0,E1,20,2579.316955
3,52,Endometrium,Fol,Ipsi,4,0,E1,20,4820.781457
3,52,Endometrium,Fol,Ipsi,1,0,E2,1,3341.816854
3,52,Endometrium,Fol,Ipsi,2,0,E2,1,379.864826
3,52,Endometrium,Fol,Ipsi,3,0,E2,1,414.340579
3,52,Endometrium,Fol,Ipsi,4,0,E2,1,679.241055
3,52,Endometrium,Fol,Ipsi,1,0,E2,5,8207.438842
3,52,Endometrium,Fol,Ipsi,2,0,E2,5,941.03989
3,52,Endometrium,Fol,Ipsi,3,0,E2,5,551.395443
3,52,Endometrium,Fol,Ipsi,4,0,E2,5,1119.368729
3,52,Endometrium,Fol,Ipsi,1,0,E2,10,12834.01779
3,52,Endometrium,Fol,Ipsi,2,0,E2,10,1272.709033
3,52,Endometrium,Fol,Ipsi,3,0,E2,10,746.80068
3,52,Endometrium,Fol,Ipsi,4,0,E2,10,1332.716136
3,52,Endometrium,Fol,Ipsi,1,0,E2,20,22619.14735
3,52,Endometrium,Fol,Ipsi,2,0,E2,20,1791.248833
3,52,Endometrium,Fol,Ipsi,3,0,E2,20,1044.819817
3,52,Endometrium,Fol,Ipsi,4,0,E2,20,1911.497766
4,58,Endometrium,Lut,Contra,1,0,E1,1,2419.332222
4,58,Endometrium,Lut,Contra,2,0,E1,1,2696.99146
4,58,Endometrium,Lut,Contra,3,0,E1,1,2760.545058
4,58,Endometrium,Lut,Contra,4,0,E1,1,4123.461303
4,58,Endometrium,Lut,Contra,5,0,E1,1,6162.118264
4,58,Endometrium,Lut,Contra,6,0,E1,1,1049.308317
4,58,Endometrium,Lut,Contra,7,0,E1,1,3653.635741
4,58,Endometrium,Lut,Contra,8,0,E1,1,4298.297277
4,58,Endometrium,Lut,Contra,1,0,E1,5,3042.748098
4,58,Endometrium,Lut,Contra,2,0,E1,5,3509.185645
4,58,Endometrium,Lut,Contra,3,0,E1,5,3925.796327
4,58,Endometrium,Lut,Contra,4,0,E1,5,5787.870028
4,58,Endometrium,Lut,Contra,5,0,E1,5,8661.094389
4,58,Endometrium,Lut,Contra,6,0,E1,5,1474.217689
4,58,Endometrium,Lut,Contra,7,0,E1,5,4087.997204
4,58,Endometrium,Lut,Contra,8,0,E1,5,4770.373189
4,58,Endometrium,Lut,Contra,1,0,E1,10,3381.553319
4,58,Endometrium,Lut,Contra,2,0,E1,10,4264.779845
4,58,Endometrium,Lut,Contra,3,0,E1,10,4448.334067
4,58,Endometrium,Lut,Contra,4,0,E1,10,6466.172612
4,58,Endometrium,Lut,Contra,5,0,E1,10,9113.057673
4,58,Endometrium,Lut,Contra,6,0,E1,10,1772.387909
4,58,Endometrium,Lut,Contra,7,0,E1,10,4295.442353
4,58,Endometrium,Lut,Contra,8,0,E1,10,5111.26351
4,58,Endometrium,Lut,Contra,1,0,E1,20,3635.14965
4,58,Endometrium,Lut,Contra,2,0,E1,20,5004.658538
4,58,Endometrium,Lut,Contra,3,0,E1,20,5453.784151
4,58,Endometrium,Lut,Contra,4,0,E1,20,7397.187002
4,58,Endometrium,Lut,Contra,5,0,E1,20,10508.14521
4,58,Endometrium,Lut,Contra,6,0,E1,20,1999.219402
4,58,Endometrium,Lut,Contra,7,0,E1,20,4620.45115
4,58,Endometrium,Lut,Contra,8,0,E1,20,5432.585032
4,58,Endometrium,Lut,Contra,1,0,E2,1,608.025492
4,58,Endometrium,Lut,Contra,2,0,E2,1,805.497552
4,58,Endometrium,Lut,Contra,3,0,E2,1,942.722756
4,58,Endometrium,Lut,Contra,4,0,E2,1,1367.529985
4,58,Endometrium,Lut,Contra,5,0,E2,1,2027.737059
4,58,Endometrium,Lut,Contra,6,0,E2,1,377.328678
4,58,Endometrium,Lut,Contra,7,0,E2,1,562.962715
4,58,Endometrium,Lut,Contra,8,0,E2,1,690.100379
4,58,Endometrium,Lut,Contra,1,0,E2,5,875.933409
4,58,Endometrium,Lut,Contra,2,0,E2,5,1597.275652
4,58,Endometrium,Lut,Contra,3,0,E2,5,2117.436194
4,58,Endometrium,Lut,Contra,4,0,E2,5,2546.249328
4,58,Endometrium,Lut,Contra,5,0,E2,5,2369.2491
4,58,Endometrium,Lut,Contra,6,0,E2,5,602.365877
4,58,Endometrium,Lut,Contra,7,0,E2,5,560.319989
4,58,Endometrium,Lut,Contra,8,0,E2,5,362.70067
4,58,Endometrium,Lut,Contra,1,0,E2,10,1015.152271
4,58,Endometrium,Lut,Contra,2,0,E2,10,1959.709304
4,58,Endometrium,Lut,Contra,3,0,E2,10,3353.755937
4,58,Endometrium,Lut,Contra,4,0,E2,10,4342.197839
4,58,Endometrium,Lut,Contra,5,0,E2,10,5420.895302
4,58,Endometrium,Lut,Contra,6,0,E2,10,930.350044
4,58,Endometrium,Lut,Contra,7,0,E2,10,712.811529
4,58,Endometrium,Lut,Contra,8,0,E2,10,966.595134
4,58,Endometrium,Lut,Contra,1,0,E2,20,1386.947312
4,58,Endometrium,Lut,Contra,2,0,E2,20,3068.898395
4,58,Endometrium,Lut,Contra,3,0,E2,20,4902.332092
4,58,Endometrium,Lut,Contra,4,0,E2,20,6826.515012
4,58,Endometrium,Lut,Contra,5,0,E2,20,9162.643434
4,58,Endometrium,Lut,Contra,6,0,E2,20,1393.200287
4,58,Endometrium,Lut,Contra,7,0,E2,20,1117.666748
4,58,Endometrium,Lut,Contra,8,0,E2,20,1424.921842
4,58,Endometrium,Lut,Ipsi,1,0,E1,1,8687.280614
4,58,Endometrium,Lut,Ipsi,2,0,E1,1,5613.38486
4,58,Endometrium,Lut,Ipsi,3,0,E1,1,4802.01025
4,58,Endometrium,Lut,Ipsi,4,0,E1,1,2049.215589
4,58,Endometrium,Lut,Ipsi,5,0,E1,1,11058.08629
4,58,Endometrium,Lut,Ipsi,6,0,E1,1,6541.919969
4,58,Endometrium,Lut,Ipsi,7,0,E1,1,7104.532509
4,58,Endometrium,Lut,Ipsi,8,0,E1,1,5164.72448
4,58,Endometrium,Lut,Ipsi,1,0,E1,5,13693.01862
4,58,Endometrium,Lut,Ipsi,2,0,E1,5,6414.105853
4,58,Endometrium,Lut,Ipsi,3,0,E1,5,6019.347831
4,58,Endometrium,Lut,Ipsi,4,0,E1,5,2809.32079
4,58,Endometrium,Lut,Ipsi,5,0,E1,5,14250.16229
4,58,Endometrium,Lut,Ipsi,6,0,E1,5,8062.453309
4,58,Endometrium,Lut,Ipsi,7,0,E1,5,9069.259544
4,58,Endometrium,Lut,Ipsi,8,0,E1,5,6652.861315
4,58,Endometrium,Lut,Ipsi,1,0,E1,10,15206.35269
4,58,Endometrium,Lut,Ipsi,2,0,E1,10,6925.104731
4,58,Endometrium,Lut,Ipsi,3,0,E1,10,6711.29386
4,58,Endometrium,Lut,Ipsi,4,0,E1,10,3270.319261
4,58,Endometrium,Lut,Ipsi,5,0,E1,10,16771.40227
4,58,Endometrium,Lut,Ipsi,6,0,E1,10,9870.819779
4,58,Endometrium,Lut,Ipsi,7,0,E1,10,10542.27633
4,58,Endometrium,Lut,Ipsi,8,0,E1,10,7504.960581
4,58,Endometrium,Lut,Ipsi,1,0,E1,20,18947.05592
4,58,Endometrium,Lut,Ipsi,2,0,E1,20,7685.2219
4,58,Endometrium,Lut,Ipsi,3,0,E1,20,7519.097942
4,58,Endometrium,Lut,Ipsi,4,0,E1,20,3833.877321
4,58,Endometrium,Lut,Ipsi,5,0,E1,20,19278.22598
4,58,Endometrium,Lut,Ipsi,6,0,E1,20,11262.62498
4,58,Endometrium,Lut,Ipsi,7,0,E1,20,12679.17345
4,58,Endometrium,Lut,Ipsi,8,0,E1,20,8523.34834
4,58,Endometrium,Lut,Ipsi,1,0,E2,1,3242.681518
4,58,Endometrium,Lut,Ipsi,2,0,E2,1,906.939405
4,58,Endometrium,Lut,Ipsi,3,0,E2,1,1334.921993
4,58,Endometrium,Lut,Ipsi,4,0,E2,1,564.818153
4,58,Endometrium,Lut,Ipsi,5,0,E2,1,2891.345086
4,58,Endometrium,Lut,Ipsi,6,0,E2,1,2119.262971
4,58,Endometrium,Lut,Ipsi,7,0,E2,1,1841.315063
4,58,Endometrium,Lut,Ipsi,8,0,E2,1,1447.903741
4,58,Endometrium,Lut,Ipsi,1,0,E2,5,5799.342274
4,58,Endometrium,Lut,Ipsi,2,0,E2,5,1605.618199
4,58,Endometrium,Lut,Ipsi,3,0,E2,5,2089.565362
4,58,Endometrium,Lut,Ipsi,4,0,E2,5,805.912592
4,58,Endometrium,Lut,Ipsi,5,0,E2,5,5118.867531
4,58,Endometrium,Lut,Ipsi,6,0,E2,5,4102.674121
4,58,Endometrium,Lut,Ipsi,7,0,E2,5,3215.334909
4,58,Endometrium,Lut,Ipsi,8,0,E2,5,1789.560491
4,58,Endometrium,Lut,Ipsi,1,0,E2,10,7634.489484
4,58,Endometrium,Lut,Ipsi,2,0,E2,10,3027.170685
4,58,Endometrium,Lut,Ipsi,3,0,E2,10,2347.700438
4,58,Endometrium,Lut,Ipsi,4,0,E2,10,1043.563129
4,58,Endometrium,Lut,Ipsi,5,0,E2,10,6085.688615
4,58,Endometrium,Lut,Ipsi,6,0,E2,10,3416.509543
4,58,Endometrium,Lut,Ipsi,7,0,E2,10,4157.15569
4,58,Endometrium,Lut,Ipsi,8,0,E2,10,2460.012616
4,58,Endometrium,Lut,Ipsi,1,0,E2,20,11643.66581
4,58,Endometrium,Lut,Ipsi,2,0,E2,20,5544.54021
4,58,Endometrium,Lut,Ipsi,3,0,E2,20,3291.91965
4,58,Endometrium,Lut,Ipsi,4,0,E2,20,1513.298033
4,58,Endometrium,Lut,Ipsi,5,0,E2,20,8744.554956
4,58,Endometrium,Lut,Ipsi,6,0,E2,20,4820.653841
4,58,Endometrium,Lut,Ipsi,7,0,E2,20,6162.264495
4,58,Endometrium,Lut,Ipsi,8,0,E2,20,3316.170333
5,41,Endometrium,Lut,Contra,1,0,E1,1,4516.299868
5,41,Endometrium,Lut,Contra,2,0,E1,1,17220.95032
5,41,Endometrium,Lut,Contra,3,0,E1,1,717.788768
5,41,Endometrium,Lut,Contra,4,0,E1,1,18493.35376
5,41,Endometrium,Lut,Contra,5,0,E1,1,10977.57165
5,41,Endometrium,Lut,Contra,6,0,E1,1,7912.548616
5,41,Endometrium,Lut,Contra,7,0,E1,1,7221.497954
5,41,Endometrium,Lut,Contra,8,0,E1,1,3884.964342
5,41,Endometrium,Lut,Contra,1,0,E1,5,6005.583095
5,41,Endometrium,Lut,Contra,2,0,E1,5,20230.85384
5,41,Endometrium,Lut,Contra,3,0,E1,5,785.79533
5,41,Endometrium,Lut,Contra,4,0,E1,5,21468.57133
5,41,Endometrium,Lut,Contra,5,0,E1,5,13746.73391
5,41,Endometrium,Lut,Contra,6,0,E1,5,9542.182543
5,41,Endometrium,Lut,Contra,7,0,E1,5,8688.384894
5,41,Endometrium,Lut,Contra,8,0,E1,5,4977.784593
5,41,Endometrium,Lut,Contra,1,0,E1,10,6646.629642
5,41,Endometrium,Lut,Contra,2,0,E1,10,23516.04596
5,41,Endometrium,Lut,Contra,3,0,E1,10,798.787881
5,41,Endometrium,Lut,Contra,4,0,E1,10,24097.17571
5,41,Endometrium,Lut,Contra,5,0,E1,10,15558.66718
5,41,Endometrium,Lut,Contra,6,0,E1,10,10448.9589
5,41,Endometrium,Lut,Contra,7,0,E1,10,9775.964728
5,41,Endometrium,Lut,Contra,8,0,E1,10,5789.242488
5,41,Endometrium,Lut,Contra,1,0,E1,20,7612.845091
5,41,Endometrium,Lut,Contra,2,0,E1,20,27954.08136
5,41,Endometrium,Lut,Contra,3,0,E1,20,776.550629
5,41,Endometrium,Lut,Contra,4,0,E1,20,27497.09138
5,41,Endometrium,Lut,Contra,5,0,E1,20,17660.62787
5,41,Endometrium,Lut,Contra,6,0,E1,20,11650.23939
5,41,Endometrium,Lut,Contra,7,0,E1,20,11373.48358
5,41,Endometrium,Lut,Contra,8,0,E1,20,6668.166238
5,41,Endometrium,Lut,Contra,1,0,E2,1,1057.2913
5,41,Endometrium,Lut,Contra,2,0,E2,1,3358.96749
5,41,Endometrium,Lut,Contra,3,0,E2,1,14.753348
5,41,Endometrium,Lut,Contra,4,0,E2,1,3528.75091
5,41,Endometrium,Lut,Contra,5,0,E2,1,2670.30175
5,41,Endometrium,Lut,Contra,6,0,E2,1,1431.65432
5,41,Endometrium,Lut,Contra,7,0,E2,1,1577.90402
5,41,Endometrium,Lut,Contra,8,0,E2,1,1074.42711
5,41,Endometrium,Lut,Contra,1,0,E2,5,1822.978239
5,41,Endometrium,Lut,Contra,2,0,E2,5,5642.217476
5,41,Endometrium,Lut,Contra,3,0,E2,5,63.302696
5,41,Endometrium,Lut,Contra,4,0,E2,5,5589.53849
5,41,Endometrium,Lut,Contra,5,0,E2,5,4660.407915
5,41,Endometrium,Lut,Contra,6,0,E2,5,2060.886349
5,41,Endometrium,Lut,Contra,7,0,E2,5,2388.080437
5,41,Endometrium,Lut,Contra,8,0,E2,5,1918.06082
5,41,Endometrium,Lut,Contra,1,0,E2,10,2615.300768
5,41,Endometrium,Lut,Contra,2,0,E2,10,7015.625583
5,41,Endometrium,Lut,Contra,3,0,E2,10,93.744113
5,41,Endometrium,Lut,Contra,4,0,E2,10,7457.716718
5,41,Endometrium,Lut,Contra,5,0,E2,10,6868.957044
5,41,Endometrium,Lut,Contra,6,0,E2,10,2649.177398
5,41,Endometrium,Lut,Contra,7,0,E2,10,2940.319782
5,41,Endometrium,Lut,Contra,8,0,E2,10,2190.294458
5,41,Endometrium,Lut,Contra,1,0,E2,20,3922.909879
5,41,Endometrium,Lut,Contra,2,0,E2,20,11406.99359
5,41,Endometrium,Lut,Contra,3,0,E2,20,181.752465
5,41,Endometrium,Lut,Contra,4,0,E2,20,10907.28605
5,41,Endometrium,Lut,Contra,5,0,E2,20,10212.6826
5,41,Endometrium,Lut,Contra,6,0,E2,20,3643.71746
5,41,Endometrium,Lut,Contra,7,0,E2,20,4335.227323
5,41,Endometrium,Lut,Contra,8,0,E2,20,2853.714795
5,41,Endometrium,Lut,Ipsi,1,0,E1,1,5601.572388
5,41,Endometrium,Lut,Ipsi,2,0,E1,1,1747.878174
5,41,Endometrium,Lut,Ipsi,3,0,E1,1,1506.606258
5,41,Endometrium,Lut,Ipsi,4,0,E1,1,5726.153774
5,41,Endometrium,Lut,Ipsi,1,0,E1,5,7236.689968
5,41,Endometrium,Lut,Ipsi,2,0,E1,5,2408.815077
5,41,Endometrium,Lut,Ipsi,3,0,E1,5,2099.414328
5,41,Endometrium,Lut,Ipsi,4,0,E1,5,7502.138466
5,41,Endometrium,Lut,Ipsi,1,0,E1,10,8190.358529
5,41,Endometrium,Lut,Ipsi,2,0,E1,10,2755.37283
5,41,Endometrium,Lut,Ipsi,3,0,E1,10,2414.882694
5,41,Endometrium,Lut,Ipsi,4,0,E1,10,8469.140491
5,41,Endometrium,Lut,Ipsi,1,0,E1,20,9410.437343
5,41,Endometrium,Lut,Ipsi,2,0,E1,20,3187.196431
5,41,Endometrium,Lut,Ipsi,3,0,E1,20,2820.071695
5,41,Endometrium,Lut,Ipsi,4,0,E1,20,9611.868553
5,41,Endometrium,Lut,Ipsi,1,0,E2,1,1676.457874
5,41,Endometrium,Lut,Ipsi,2,0,E2,1,568.838876
5,41,Endometrium,Lut,Ipsi,3,0,E2,1,545.529487
5,41,Endometrium,Lut,Ipsi,4,0,E2,1,1676.121417
5,41,Endometrium,Lut,Ipsi,1,0,E2,5,2687.85497
5,41,Endometrium,Lut,Ipsi,2,0,E2,5,964.313107
5,41,Endometrium,Lut,Ipsi,3,0,E2,5,1082.72234
5,41,Endometrium,Lut,Ipsi,4,0,E2,5,2582.4907
5,41,Endometrium,Lut,Ipsi,1,0,E2,10,3263.184025
5,41,Endometrium,Lut,Ipsi,2,0,E2,10,1336.224155
5,41,Endometrium,Lut,Ipsi,3,0,E2,10,1839.684095
5,41,Endometrium,Lut,Ipsi,4,0,E2,10,4027.260685
5,41,Endometrium,Lut,Ipsi,1,0,E2,20,4717.875223
5,41,Endometrium,Lut,Ipsi,2,0,E2,20,2146.315612
5,41,Endometrium,Lut,Ipsi,3,0,E2,20,3214.954071
5,41,Endometrium,Lut,Ipsi,4,0,E2,20,6256.338989
6,67,Endometrium,Lut,Ipsi,1,0,E1,1,4802.359557
6,67,Endometrium,Lut,Ipsi,2,0,E1,1,4250.583779
6,67,Endometrium,Lut,Ipsi,3,0,E1,1,3282.255176
6,67,Endometrium,Lut,Ipsi,4,0,E1,1,2244.5817
6,67,Endometrium,Lut,Ipsi,5,0,E1,1,2824.665447
6,67,Endometrium,Lut,Ipsi,6,0,E1,1,2955.758901
6,67,Endometrium,Lut,Ipsi,7,0,E1,1,1761.307514
6,67,Endometrium,Lut,Ipsi,1,0,E1,5,6612.724037
6,67,Endometrium,Lut,Ipsi,2,0,E1,5,5931.59578
6,67,Endometrium,Lut,Ipsi,3,0,E1,5,4435.903921
6,67,Endometrium,Lut,Ipsi,4,0,E1,5,3205.330651
6,67,Endometrium,Lut,Ipsi,5,0,E1,5,3589.995402
6,67,Endometrium,Lut,Ipsi,6,0,E1,5,3845.984494
6,67,Endometrium,Lut,Ipsi,7,0,E1,5,2318.628157
6,67,Endometrium,Lut,Ipsi,1,0,E1,10,7645.445584
6,67,Endometrium,Lut,Ipsi,2,0,E1,10,6863.081445
6,67,Endometrium,Lut,Ipsi,3,0,E1,10,5176.30096
6,67,Endometrium,Lut,Ipsi,4,0,E1,10,3850.424366
6,67,Endometrium,Lut,Ipsi,5,0,E1,10,4270.19429
6,67,Endometrium,Lut,Ipsi,6,0,E1,10,4406.972611
6,67,Endometrium,Lut,Ipsi,7,0,E1,10,2711.500351
6,67,Endometrium,Lut,Ipsi,1,0,E1,20,8764.948001
6,67,Endometrium,Lut,Ipsi,2,0,E1,20,8056.877898
6,67,Endometrium,Lut,Ipsi,3,0,E1,20,5974.772778
6,67,Endometrium,Lut,Ipsi,4,0,E1,20,4576.292194
6,67,Endometrium,Lut,Ipsi,5,0,E1,20,4930.518352
6,67,Endometrium,Lut,Ipsi,6,0,E1,20,5122.163941
6,67,Endometrium,Lut,Ipsi,7,0,E1,20,3272.422527
6,67,Endometrium,Lut,Ipsi,1,0,E2,1,1129.781056
6,67,Endometrium,Lut,Ipsi,2,0,E2,1,942.277586
6,67,Endometrium,Lut,Ipsi,3,0,E2,1,806.360717
6,67,Endometrium,Lut,Ipsi,4,0,E2,1,609.707104
6,67,Endometrium,Lut,Ipsi,5,0,E2,1,825.786781
6,67,Endometrium,Lut,Ipsi,6,0,E2,1,789.570508
6,67,Endometrium,Lut,Ipsi,7,0,E2,1,513.433105
6,67,Endometrium,Lut,Ipsi,1,0,E2,5,2008.117322
6,67,Endometrium,Lut,Ipsi,2,0,E2,5,1524.404248
6,67,Endometrium,Lut,Ipsi,3,0,E2,5,1304.199504
6,67,Endometrium,Lut,Ipsi,4,0,E2,5,1050.505546
6,67,Endometrium,Lut,Ipsi,5,0,E2,5,1740.929851
6,67,Endometrium,Lut,Ipsi,6,0,E2,5,1193.285153
6,67,Endometrium,Lut,Ipsi,7,0,E2,5,640.222648
6,67,Endometrium,Lut,Ipsi,1,0,E2,10,2505.462824
6,67,Endometrium,Lut,Ipsi,2,0,E2,10,2273.516526
6,67,Endometrium,Lut,Ipsi,3,0,E2,10,1742.003645
6,67,Endometrium,Lut,Ipsi,4,0,E2,10,1433.437218
6,67,Endometrium,Lut,Ipsi,5,0,E2,10,1377.921185
6,67,Endometrium,Lut,Ipsi,6,0,E2,10,1563.580252
6,67,Endometrium,Lut,Ipsi,7,0,E2,10,992.150528
6,67,Endometrium,Lut,Ipsi,1,0,E2,20,3489.146504
6,67,Endometrium,Lut,Ipsi,2,0,E2,20,3225.188783
6,67,Endometrium,Lut,Ipsi,3,0,E2,20,2420.257361
6,67,Endometrium,Lut,Ipsi,4,0,E2,20,2028.774752
6,67,Endometrium,Lut,Ipsi,5,0,E2,20,1992.338894
6,67,Endometrium,Lut,Ipsi,6,0,E2,20,2126.304857
6,67,Endometrium,Lut,Ipsi,7,0,E2,20,1445.62061
6,67,Endometrium,Lut,Contra,1,0,E1,1,5262.891683
6,67,Endometrium,Lut,Contra,2,0,E1,1,1838.683322
6,67,Endometrium,Lut,Contra,3,0,E1,1,1348.694074
6,67,Endometrium,Lut,Contra,4,0,E1,1,2164.714657
6,67,Endometrium,Lut,Contra,5,0,E1,1,5536.123434
6,67,Endometrium,Lut,Contra,6,0,E1,1,6384.23617
6,67,Endometrium,Lut,Contra,7,0,E1,1,3578.078418
6,67,Endometrium,Lut,Contra,8,0,E1,1,3707.002897
6,67,Endometrium,Lut,Contra,9,0,E1,1,2299.020087
6,67,Endometrium,Lut,Contra,10,0,E1,1,2629.754839
6,67,Endometrium,Lut,Contra,1,0,E1,5,7704.495954
6,67,Endometrium,Lut,Contra,2,0,E1,5,2491.319162
6,67,Endometrium,Lut,Contra,3,0,E1,5,1684.547164
6,67,Endometrium,Lut,Contra,4,0,E1,5,3192.688686
6,67,Endometrium,Lut,Contra,5,0,E1,5,7560.792144
6,67,Endometrium,Lut,Contra,6,0,E1,5,8361.548762
6,67,Endometrium,Lut,Contra,7,0,E1,5,4927.250234
6,67,Endometrium,Lut,Contra,8,0,E1,5,4827.900731
6,67,Endometrium,Lut,Contra,9,0,E1,5,2976.86384
6,67,Endometrium,Lut,Contra,10,0,E1,5,3549.753529
6,67,Endometrium,Lut,Contra,1,0,E1,10,9227.733096
6,67,Endometrium,Lut,Contra,2,0,E1,10,2908.206966
6,67,Endometrium,Lut,Contra,3,0,E1,10,1915.303273
6,67,Endometrium,Lut,Contra,4,0,E1,10,3698.423881
6,67,Endometrium,Lut,Contra,5,0,E1,10,8704.019517
6,67,Endometrium,Lut,Contra,6,0,E1,10,9820.09198
6,67,Endometrium,Lut,Contra,7,0,E1,10,5435.534225
6,67,Endometrium,Lut,Contra,8,0,E1,10,5611.16845
6,67,Endometrium,Lut,Contra,9,0,E1,10,3318.369086
6,67,Endometrium,Lut,Contra,10,0,E1,10,3905.047473
6,67,Endometrium,Lut,Contra,1,0,E1,20,11474.87991
6,67,Endometrium,Lut,Contra,2,0,E1,20,3425.436302
6,67,Endometrium,Lut,Contra,3,0,E1,20,2180.816618
6,67,Endometrium,Lut,Contra,4,0,E1,20,4567.841239
6,67,Endometrium,Lut,Contra,5,0,E1,20,10518.76915
6,67,Endometrium,Lut,Contra,6,0,E1,20,11920.91911
6,67,Endometrium,Lut,Contra,7,0,E1,20,6505.466227
6,67,Endometrium,Lut,Contra,8,0,E1,20,6591.204731
6,67,Endometrium,Lut,Contra,9,0,E1,20,3888.617512
6,67,Endometrium,Lut,Contra,10,0,E1,20,4582.467632
6,67,Endometrium,Lut,Contra,1,0,E2,1,1514.265047
6,67,Endometrium,Lut,Contra,2,0,E2,1,627.524812
6,67,Endometrium,Lut,Contra,3,0,E2,1,328.274818
6,67,Endometrium,Lut,Contra,4,0,E2,1,668.491976
6,67,Endometrium,Lut,Contra,5,0,E2,1,1330.667278
6,67,Endometrium,Lut,Contra,6,0,E2,1,1623.133402
6,67,Endometrium,Lut,Contra,7,0,E2,1,899.805346
6,67,Endometrium,Lut,Contra,8,0,E2,1,1007.267101
6,67,Endometrium,Lut,Contra,9,0,E2,1,590.944866
6,67,Endometrium,Lut,Contra,10,0,E2,1,721.500506
6,67,Endometrium,Lut,Contra,1,0,E2,5,2135.962443
6,67,Endometrium,Lut,Contra,2,0,E2,5,919.691122
6,67,Endometrium,Lut,Contra,3,0,E2,5,503.844219
6,67,Endometrium,Lut,Contra,4,0,E2,5,869.302537
6,67,Endometrium,Lut,Contra,5,0,E2,5,2237.946044
6,67,Endometrium,Lut,Contra,6,0,E2,5,2967.972215
6,67,Endometrium,Lut,Contra,7,0,E2,5,1459.511272
6,67,Endometrium,Lut,Contra,8,0,E2,5,1390.526527
6,67,Endometrium,Lut,Contra,9,0,E2,5,1069.665203
6,67,Endometrium,Lut,Contra,10,0,E2,5,1336.50033
6,67,Endometrium,Lut,Contra,1,0,E2,10,2977.280905
6,67,Endometrium,Lut,Contra,2,0,E2,10,1250.636068
6,67,Endometrium,Lut,Contra,3,0,E2,10,661.565479
6,67,Endometrium,Lut,Contra,4,0,E2,10,1638.958687
6,67,Endometrium,Lut,Contra,5,0,E1,10,3247.215678
6,67,Endometrium,Lut,Contra,6,0,E2,10,3975.78207
6,67,Endometrium,Lut,Contra,7,0,E2,10,2073.667129
6,67,Endometrium,Lut,Contra,8,0,E2,10,2292.417546
6,67,Endometrium,Lut,Contra,9,0,E2,10,1339.894949
6,67,Endometrium,Lut,Contra,10,0,E2,10,1652.509539
6,67,Endometrium,Lut,Contra,1,0,E2,20,4484.678247
6,67,Endometrium,Lut,Contra,2,0,E2,20,1726.911478
6,67,Endometrium,Lut,Contra,3,0,E2,20,990.19516
6,67,Endometrium,Lut,Contra,4,0,E2,20,2428.303978
6,67,Endometrium,Lut,Contra,5,0,E2,20,4950.169754
6,67,Endometrium,Lut,Contra,6,0,E1,20,6245.387789
6,67,Endometrium,Lut,Contra,7,0,E2,20,3032.935884
6,67,Endometrium,Lut,Contra,8,0,E2,20,3388.815764
6,67,Endometrium,Lut,Contra,9,0,E2,20,2020.757046
6,67,Endometrium,Lut,Contra,10,0,E2,20,2351.579899
