Tissue,Batch,Replicate,Drop,Date,Percentage_Alginate,pH,Day,Cells,Hormonal_treatment,X_position,Y_Position,YM,EfYM
Endometrium,,,,,,,7,yes,yTissue,,,2213.553117,2951.404157
,,,,,,,7,yes,yTissue,,,2558.5068,3411.342401
,,,,,,,7,yes,yTissue,,,1427.625218,3903.500291
,,,,,,,7,yes,yTissue,,,1692.665973,2256.887964
,,,,,,,7,yes,yTissue,,,2415.04197,3220.05596
,,,,,,,7,yes,yTissue,,,1080.768704,4441.024939
,,,,,,,7,yes,yTissue,,,7261.138295,9681.517727
,,,,,,,7,yes,yTissue,,,1997.233734,2329.644978
,,,,,,,7,yes,yTissue,,,1597.039375,5796.0525
,,,,,,,7,yes,yTissue,,,1885.3822,2513.842934
,,,,,,,7,yes,yTissue,,,1024.918512,8366.558017
,,,,,,,7,yes,yTissue,,,1117.316058,5489.754744
,,,,,,,7,yes,yTissue,,,1484.41895,7979.225266
,,,,,,,7,yes,yTissue,,,4047.343744,5396.458326
,,,,,,,7,yes,yTissue,,,2588.588523,3451.451364
,,,,,,,7,yes,yTissue,,,2090.854081,2787.805442
,,,,,,,7,yes,yTissue,,,1250.649098,3667.532131
,,,,,,,7,yes,yTissue,,,6708.389189,8944.518919
,,,,,,,7,yes,yTissue,,,4024.946331,5366.595108
,,,,,,,7,yes,yTissue,,,4140.21869,5520.291586
,,,,,,,7,yes,yTissue,,,3185.493131,4247.324174
,,,,,,,7,yes,yTissue,,,3618.529681,4824.706242
,,,,,,,7,yes,yTissue,,,1242.410198,1656.546931
,,,,,,,7,yes,yTissue,,,893.467883,4191.290511
,,,,,,,7,yes,yTissue,,,3681.189092,4908.252123
,,,,,,,7,yes,yTissue,,,2043.085805,2724.114406
,,,,,,,7,yes,yTissue,,,1753.675218,2338.233623
,,,,,,,7,yes,yTissue,,,1736.64756,2315.53008
,,,,,,,7,yes,yTissue,,,849.725175,8132.966901
,,,,,,,7,yes,yTissue,,,1451.899341,1935.865788
,,,,,,,7,yes,yTissue,,,1693.422871,2257.897162
,,,,,,,7,yes,yTissue,,,695.894737,6927.85965
Endometrium,13.0,1.0,1.0,05.07.24,1.0,7.49,-3,no,no,0.0,0.0,4326.665068,5150.791748
Endometrium,13.0,1.0,1.0,05.07.24,1.0,7.49,-3,no,no,0.0,0.0,4741.602569,5644.764963
Endometrium,13.0,1.0,1.0,05.07.24,1.0,7.49,-3,no,no,0.0,0.0,5823.805787,6933.102128
Endometrium,13.0,1.0,1.0,05.07.24,1.0,7.49,-3,no,no,0.0,0.0,3759.220779,4475.262833
Endometrium,13.0,1.0,1.0,05.07.24,1.0,7.49,-3,no,no,0.0,0.0,3797.693505,4521.063697
Endometrium,13.0,1.0,1.0,05.07.24,1.0,7.49,-3,no,no,0.0,0.0,3795.582894,4518.551064
Endometrium,13.0,1.0,1.0,05.07.24,1.0,7.49,-3,no,no,0.0,0.0,4453.64957,5301.963774
Endometrium,13.0,1.0,3.0,05.07.24,1.0,7.49,-3,no,no,0.0,0.0,5358.091626,6378.680507
Endometrium,13.0,1.0,3.0,05.07.24,1.0,7.49,-3,no,no,0.0,0.0,3179.863114,3785.551326
Endometrium,13.0,1.0,3.0,05.07.24,1.0,7.49,-3,no,no,0.0,0.0,5828.920973,6939.191635
Endometrium,13.0,1.0,3.0,05.07.24,1.0,7.49,-3,no,no,0.0,0.0,4900.072633,5833.419801
Endometrium,13.0,1.0,3.0,05.07.24,1.0,7.49,-3,no,no,0.0,0.0,3445.518939,4101.808261
Endometrium,13.0,1.0,3.0,05.07.24,1.0,7.49,-3,no,no,0.0,0.0,2530.703003,3012.74167
Endometrium,13.0,1.0,5.0,05.07.24,1.0,7.49,-3,no,no,0.0,0.0,3503.874739,4171.279452
Endometrium,13.0,1.0,5.0,05.07.24,1.0,7.49,-3,no,no,0.0,0.0,4356.175504,5185.923219
Endometrium,13.0,1.0,5.0,05.07.24,1.0,7.49,-3,no,no,0.0,0.0,3591.054885,4275.065339
Endometrium,13.0,1.0,5.0,05.07.24,1.0,7.49,-3,no,no,0.0,0.0,3988.110526,4747.750626
Endometrium,13.0,1.0,5.0,05.07.24,1.0,7.49,-3,no,no,0.0,0.0,4687.206664,5580.007933
Endometrium,13.0,1.0,5.0,05.07.24,1.0,7.49,-3,no,no,0.0,0.0,3572.190281,4252.607477
Endometrium,13.0,1.0,5.0,05.07.24,1.0,7.49,-3,no,no,0.0,0.0,3472.251387,4133.632603
Endometrium,13.0,1.0,5.0,05.07.24,1.0,7.49,-3,no,no,0.0,0.0,3046.035768,3626.233058
Endometrium,13.0,1.0,2.0,05.07.24,1.0,7.49,-3,yes,no,0.0,0.0,2306.387753,2745.699706
Endometrium,13.0,1.0,2.0,05.07.24,1.0,7.49,-3,yes,no,0.0,0.0,2657.651339,3163.870642
Endometrium,13.0,1.0,2.0,05.07.24,1.0,7.49,-3,yes,no,0.0,0.0,3714.610529,4422.155392
Endometrium,13.0,1.0,2.0,05.07.24,1.0,7.49,-3,yes,no,0.0,0.0,3231.240358,3846.714712
Endometrium,13.0,1.0,2.0,05.07.24,1.0,7.49,-3,yes,no,0.0,0.0,3386.117434,4031.092184
Endometrium,13.0,1.0,2.0,05.07.24,1.0,7.49,-3,yes,no,0.0,0.0,3403.180041,4051.40481
Endometrium,13.0,1.0,1.0,09.07.24,1.0,7.49,1,no,no,0.0,0.0,5451.104875,6489.410565
Endometrium,13.0,1.0,1.0,09.07.24,1.0,7.49,1,no,no,0.0,0.0,4591.122555,5465.622089
Endometrium,13.0,1.0,1.0,09.07.24,1.0,7.49,1,no,no,0.0,0.0,11082.37018,13193.29784
Endometrium,13.0,1.0,1.0,09.07.24,1.0,7.49,1,no,no,0.0,0.0,6529.750643,7773.51267
Endometrium,13.0,1.0,1.0,09.07.24,1.0,7.49,1,no,no,0.0,0.0,5962.045187,7097.672841
Endometrium,13.0,1.0,2.0,09.07.24,1.0,7.49,1,no,no,0.0,0.0,4633.358255,5515.902685
Endometrium,13.0,1.0,2.0,09.07.24,1.0,7.49,1,no,no,0.0,0.0,7132.112324,8490.60991
Endometrium,13.0,1.0,3.0,09.07.24,1.0,7.49,1,no,no,0.0,0.0,3594.738208,4279.450248
Endometrium,13.0,1.0,1.0,09.07.24,1.0,7.49,1,yes,no,0.0,0.0,1022.841113,1217.667992
Endometrium,13.0,1.0,1.0,09.07.24,1.0,7.49,1,yes,no,0.0,0.0,414.218689,493.117487
Endometrium,13.0,1.0,1.0,09.07.24,1.0,7.49,1,yes,no,0.0,0.0,416.860639,496.262665
Endometrium,13.0,1.0,1.0,09.07.24,1.0,7.49,1,yes,no,0.0,0.0,632.919343,753.475408
Endometrium,13.0,1.0,1.0,09.07.24,1.0,7.49,1,yes,no,0.0,0.0,446.194321,531.183716
Endometrium,13.0,1.0,2.0,09.07.24,1.0,7.49,1,yes,no,0.0,0.0,205.503748,244.647319
Endometrium,13.0,1.0,2.0,09.07.24,1.0,7.49,1,yes,no,0.0,0.0,6957.277655,8282.473399
Endometrium,13.0,1.0,3.0,09.07.24,1.0,7.49,1,yes,no,0.0,0.0,2031.192602,2418.086431
Endometrium,13.0,1.0,3.0,09.07.24,1.0,7.49,1,yes,no,0.0,0.0,2636.396766,3138.567578
Endometrium,13.0,1.0,3.0,09.07.24,1.0,7.49,1,yes,no,0.0,0.0,2180.075681,2595.328192
Endometrium,13.0,1.0,3.0,09.07.24,1.0,7.49,1,yes,no,0.0,0.0,1912.728129,2277.057296
Endometrium,13.0,1.0,3.0,09.07.24,1.0,7.49,1,yes,no,0.0,0.0,2045.289867,2434.868889
Endometrium,13.0,1.0,3.0,09.07.24,1.0,7.49,1,yes,no,0.0,0.0,3296.124775,3923.958065
Endometrium,13.0,1.0,4.0,09.07.24,1.0,7.49,1,yes,no,0.0,0.0,5519.242953,6570.527324
Endometrium,13.0,1.0,4.0,09.07.24,1.0,7.49,1,yes,no,0.0,0.0,2318.205911,2759.768942
Endometrium,13.0,1.0,4.0,09.07.24,1.0,7.49,1,yes,no,0.0,0.0,1699.925307,2023.720603
Endometrium,13.0,1.0,1.0,09.07.24,1.0,7.49,1,yes,yes,0.0,0.0,2120.169261,2524.011025
Endometrium,13.0,1.0,1.0,09.07.24,1.0,7.49,1,yes,yes,0.0,0.0,2437.928967,2902.29639
Endometrium,13.0,1.0,1.0,09.07.24,1.0,7.49,1,yes,yes,0.0,0.0,1684.892073,2005.823896
Endometrium,13.0,1.0,1.0,09.07.24,1.0,7.49,1,yes,yes,0.0,0.0,1916.999195,2282.141899
Endometrium,13.0,1.0,1.0,09.07.24,1.0,7.49,1,yes,yes,0.0,0.0,1395.900321,1661.786096
Endometrium,13.0,1.0,1.0,09.07.24,1.0,7.49,1,yes,yes,0.0,0.0,1356.655911,1615.066561
Endometrium,13.0,1.0,1.0,09.07.24,1.0,7.49,1,yes,yes,0.0,0.0,1080.439992,1286.238085
Endometrium,13.0,1.0,1.0,09.07.24,1.0,7.49,1,yes,yes,0.0,0.0,2235.69475,2661.541368
Endometrium,13.0,1.0,2.0,09.07.24,1.0,7.49,1,yes,yes,0.0,0.0,3088.95405,3677.32625
Endometrium,13.0,1.0,2.0,09.07.24,1.0,7.49,1,yes,yes,0.0,0.0,2241.659014,2668.641683
Endometrium,13.0,1.0,2.0,09.07.24,1.0,7.49,1,yes,yes,0.0,0.0,3551.117695,4227.521065
Endometrium,13.0,1.0,3.0,09.07.24,1.0,7.49,1,yes,yes,0.0,0.0,1787.155491,2127.56606
Endometrium,13.0,1.0,3.0,09.07.24,1.0,7.49,1,yes,yes,0.0,0.0,3854.497011,4588.686917
Endometrium,13.0,1.0,3.0,09.07.24,1.0,7.49,1,yes,yes,0.0,0.0,1229.858759,1464.11757
Endometrium,13.0,1.0,3.0,09.07.24,1.0,7.49,1,yes,yes,0.0,0.0,861.844791,1026.005704
Endometrium,13.0,1.0,3.0,09.07.24,1.0,7.49,1,yes,yes,0.0,0.0,1239.506776,1475.603304
Endometrium,13.0,1.0,3.0,09.07.24,1.0,7.49,1,yes,yes,0.0,0.0,1023.474779,1218.422356
Endometrium,13.0,1.0,3.0,09.07.24,1.0,7.49,1,yes,yes,0.0,0.0,2548.167931,3033.533252
Endometrium,13.0,1.0,1.0,15.07.24,1.0,7.49,7,no,no,0.0,0.0,5390.906054,6417.745303
Endometrium,13.0,1.0,1.0,15.07.24,1.0,7.49,7,no,no,0.0,0.0,6644.046213,7909.578826
Endometrium,13.0,1.0,1.0,15.07.24,1.0,7.49,7,no,no,0.0,0.0,7686.852697,9151.015116
Endometrium,13.0,1.0,1.0,15.07.24,1.0,7.49,7,no,no,0.0,0.0,5514.017252,6564.306252
Endometrium,13.0,1.0,1.0,15.07.24,1.0,7.49,7,no,no,0.0,0.0,2546.267703,3031.271075
Endometrium,13.0,1.0,1.0,15.07.24,1.0,7.49,7,no,no,0.0,0.0,6666.646496,7936.483924
Endometrium,13.0,1.0,1.0,15.07.24,1.0,7.49,7,no,no,0.0,0.0,5116.044119,6090.528713
Endometrium,13.0,1.0,1.0,15.07.24,1.0,7.49,7,no,no,0.0,0.0,4436.90203,5282.026226
Endometrium,13.0,1.0,2.0,15.07.24,1.0,7.49,7,no,no,0.0,0.0,4842.803375,5765.242113
Endometrium,13.0,1.0,2.0,15.07.24,1.0,7.49,7,no,no,0.0,0.0,2356.731051,2805.632203
Endometrium,13.0,1.0,2.0,15.07.24,1.0,7.49,7,no,no,0.0,0.0,2434.091714,2897.728231
Endometrium,13.0,1.0,2.0,15.07.24,1.0,7.49,7,no,no,0.0,0.0,2015.886829,2399.865273
Endometrium,13.0,1.0,2.0,15.07.24,1.0,7.49,7,no,no,0.0,0.0,2766.603334,3293.575397
Endometrium,13.0,1.0,2.0,15.07.24,1.0,7.49,7,no,no,0.0,0.0,5670.826505,6750.983934
Endometrium,13.0,1.0,2.0,15.07.24,1.0,7.49,7,no,no,0.0,0.0,3140.247785,3738.39022
Endometrium,13.0,1.0,2.0,15.07.24,1.0,7.49,7,no,no,0.0,0.0,2335.339635,2780.166232
Endometrium,13.0,1.0,3.0,15.07.24,1.0,7.49,7,no,no,0.0,0.0,1318.850846,1570.060531
Endometrium,13.0,1.0,3.0,15.07.24,1.0,7.49,7,no,no,0.0,0.0,5963.078312,7098.902753
Endometrium,13.0,1.0,3.0,15.07.24,1.0,7.49,7,no,no,0.0,0.0,425.712564,506.800671
Endometrium,13.0,1.0,3.0,15.07.24,1.0,7.49,7,no,no,0.0,0.0,3302.434211,3931.469299
Endometrium,13.0,1.0,3.0,15.07.24,1.0,7.49,7,no,no,0.0,0.0,764.31482,909.898596
Endometrium,13.0,1.0,1.0,15.07.24,1.0,7.49,7,yes,yes,0.0,0.0,3239.756428,3856.852891
Endometrium,13.0,1.0,1.0,15.07.24,1.0,7.49,7,yes,yes,0.0,0.0,4778.822423,5689.074313
Endometrium,13.0,1.0,1.0,15.07.24,1.0,7.49,7,yes,yes,0.0,0.0,2304.624328,2743.60039
Endometrium,13.0,1.0,1.0,15.07.24,1.0,7.49,7,yes,yes,0.0,0.0,2779.451872,3308.871276
Endometrium,13.0,1.0,1.0,15.07.24,1.0,7.49,7,yes,yes,0.0,0.0,4121.874039,4906.992904
Endometrium,13.0,1.0,1.0,15.07.24,1.0,7.49,7,yes,yes,0.0,0.0,4224.253982,5028.873788
Endometrium,13.0,1.0,1.0,15.07.24,1.0,7.49,7,yes,yes,0.0,0.0,4545.122345,5410.859934
Endometrium,13.0,1.0,2.0,15.07.24,1.0,7.49,7,yes,yes,0.0,0.0,894.651214,1065.060969
Endometrium,13.0,1.0,2.0,15.07.24,1.0,7.49,7,yes,yes,0.0,0.0,3553.81876,4230.736619
Endometrium,13.0,1.0,2.0,15.07.24,1.0,7.49,7,yes,yes,0.0,0.0,365.608533,435.248254
Endometrium,13.0,1.0,3.0,15.07.24,1.0,7.49,7,yes,yes,0.0,0.0,1955.633809,2328.135487
Endometrium,13.0,1.0,3.0,15.07.24,1.0,7.49,7,yes,yes,0.0,0.0,1075.978501,1280.926786
Endometrium,13.0,1.0,3.0,15.07.24,1.0,7.49,7,yes,yes,0.0,0.0,3318.350305,3950.41703
Endometrium,15.0,2.0,1.0,26.07.24,1.0,7.59,-3,no,no,0.0,0.0,2150.950471,2560.655323
Endometrium,15.0,2.0,1.0,26.07.24,1.0,7.59,-3,no,no,0.0,0.0,1909.275072,2272.946515
Endometrium,15.0,2.0,1.0,26.07.24,1.0,7.59,-3,no,no,0.0,0.0,2198.192556,2616.8959
Endometrium,15.0,2.0,2.0,26.07.24,1.0,7.59,-3,no,no,0.0,0.0,443.683247,528.194342
Endometrium,15.0,2.0,2.0,26.07.24,1.0,7.59,-3,no,no,0.0,0.0,331.008821,394.05812
Endometrium,15.0,2.0,2.0,26.07.24,1.0,7.59,-3,no,no,0.0,0.0,967.576157,1151.876378
Endometrium,15.0,2.0,2.0,26.07.24,1.0,7.59,-3,no,no,0.0,0.0,377.557159,449.472808
Endometrium,15.0,2.0,2.0,26.07.24,1.0,7.59,-3,no,no,0.0,0.0,358.442089,426.716773
Endometrium,15.0,2.0,2.0,26.07.24,1.0,7.59,-3,no,no,0.0,0.0,451.804357,537.86233
Endometrium,15.0,2.0,2.0,26.07.24,1.0,7.59,-3,no,no,0.0,0.0,341.914588,407.041176
Endometrium,15.0,2.0,3.0,26.07.24,1.0,7.59,-3,no,no,0.0,0.0,2802.979316,3336.880138
Endometrium,15.0,2.0,3.0,26.07.24,1.0,7.59,-3,no,no,0.0,0.0,2011.144722,2394.219907
Endometrium,15.0,2.0,3.0,26.07.24,1.0,7.59,-3,no,no,0.0,0.0,3746.756562,4460.424479
Endometrium,15.0,2.0,3.0,26.07.24,1.0,7.59,-3,no,no,0.0,0.0,1830.515213,2179.184777
Endometrium,15.0,2.0,3.0,26.07.24,1.0,7.59,-3,no,no,0.0,0.0,2037.616394,2425.733803
Endometrium,15.0,2.0,1.0,26.07.24,1.0,7.52,-3,yes,no,0.0,0.0,4890.128895,5821.582018
Endometrium,15.0,2.0,1.0,26.07.24,1.0,7.52,-3,yes,no,0.0,0.0,2718.051556,3235.775662
Endometrium,15.0,2.0,1.0,26.07.24,1.0,7.52,-3,yes,no,0.0,0.0,2671.530892,3180.393918
Endometrium,15.0,2.0,1.0,26.07.24,1.0,7.52,-3,yes,no,0.0,0.0,512.414489,610.017249
Endometrium,15.0,2.0,2.0,26.07.24,1.0,7.52,-3,yes,no,0.0,0.0,501.418463,596.926742
Endometrium,15.0,2.0,2.0,26.07.24,1.0,7.52,-3,yes,no,0.0,0.0,1793.691495,2135.347018
Endometrium,15.0,2.0,2.0,26.07.24,1.0,7.52,-3,yes,no,0.0,0.0,527.904706,628.457983
Endometrium,15.0,2.0,2.0,26.07.24,1.0,7.52,-3,yes,no,0.0,0.0,797.421102,949.310836
Endometrium,15.0,2.0,2.0,26.07.24,1.0,7.52,-3,yes,no,0.0,0.0,966.020167,1150.024008
Endometrium,15.0,2.0,3.0,26.07.24,1.0,7.52,-3,yes,no,0.0,0.0,2258.74776,2688.985429
Endometrium,15.0,2.0,3.0,26.07.24,1.0,7.52,-3,yes,no,0.0,0.0,987.520837,1175.620044
Endometrium,15.0,2.0,3.0,26.07.24,1.0,7.52,-3,yes,no,0.0,0.0,945.455875,1125.542708
Endometrium,15.0,2.0,3.0,26.07.24,1.0,7.52,-3,yes,no,0.0,0.0,1995.240309,2375.286082
Endometrium,15.0,2.0,3.0,26.07.24,1.0,7.52,-3,yes,no,0.0,0.0,1872.943743,2229.694932
Endometrium,15.0,2.0,3.0,26.07.24,1.0,7.52,-3,yes,no,0.0,0.0,772.935854,920.161731
Endometrium,15.0,3.0,1.0,10.08.24,1.0,,-3,no,no,0.0,0.0,3970.98406,4727.361977
Endometrium,15.0,3.0,1.0,10.08.24,1.0,,-3,no,no,0.0,0.0,2821.228867,3358.605794
Endometrium,15.0,3.0,1.0,10.08.24,1.0,,-3,no,no,0.0,0.0,2848.653952,3391.254705
Endometrium,15.0,3.0,1.0,10.08.24,1.0,,-3,no,no,0.0,0.0,3106.576164,3698.304957
Endometrium,15.0,3.0,1.0,10.08.24,1.0,,-3,no,no,0.0,0.0,2230.329707,2655.154413
Endometrium,15.0,3.0,1.0,10.08.24,1.0,,-3,no,no,0.0,0.0,4618.07626,5497.709834
Endometrium,15.0,3.0,1.0,10.08.24,1.0,,-3,no,no,0.0,0.0,3349.762628,3987.812652
Endometrium,15.0,3.0,2.0,10.08.24,1.0,,-3,no,no,0.0,0.0,2045.509858,2435.130784
Endometrium,15.0,3.0,2.0,10.08.24,1.0,,-3,no,no,0.0,0.0,3595.440478,4280.286284
Endometrium,15.0,3.0,2.0,10.08.24,1.0,,-3,no,no,0.0,0.0,4353.278147,5182.473984
Endometrium,15.0,3.0,2.0,10.08.24,1.0,,-3,no,no,0.0,0.0,2877.67088,3425.798666
Endometrium,15.0,3.0,2.0,10.08.24,1.0,,-3,no,no,0.0,0.0,3516.788262,4186.652692
Endometrium,15.0,3.0,2.0,10.08.24,1.0,,-3,no,no,0.0,0.0,3184.493339,3791.063499
Endometrium,15.0,3.0,2.0,10.08.24,1.0,,-3,no,no,0.0,0.0,2497.601813,2973.335492
Endometrium,15.0,3.0,2.0,10.08.24,1.0,,-3,no,no,0.0,0.0,2689.053742,3201.254454
Endometrium,15.0,3.0,2.0,10.08.24,1.0,,-3,no,no,0.0,0.0,2222.786637,2646.174568
Endometrium,15.0,3.0,3.0,10.08.24,1.0,,-3,no,no,0.0,0.0,3358.941618,3998.740022
Endometrium,15.0,3.0,3.0,10.08.24,1.0,,-3,no,no,0.0,0.0,2668.783847,3177.123627
Endometrium,15.0,3.0,3.0,10.08.24,1.0,,-3,no,no,0.0,0.0,3660.582206,4357.835959
Endometrium,15.0,3.0,3.0,10.08.24,1.0,,-3,no,no,0.0,0.0,4004.158546,4766.855412
Endometrium,15.0,3.0,3.0,10.08.24,1.0,,-3,no,no,0.0,0.0,3578.180214,4259.73835
Endometrium,15.0,3.0,3.0,10.08.24,1.0,,-3,no,no,0.0,0.0,2864.992159,3410.704951
Endometrium,15.0,3.0,1.0,10.08.24,1.0,,-3,yes,no,0.0,0.0,3196.496297,3805.352734
Endometrium,15.0,3.0,1.0,10.08.24,1.0,,-3,yes,no,0.0,0.0,3745.228689,4458.605582
Endometrium,15.0,3.0,1.0,10.08.24,1.0,,-3,yes,no,0.0,0.0,4023.510245,4789.893149
Endometrium,15.0,3.0,2.0,10.08.24,1.0,,-3,yes,no,0.0,0.0,1524.431117,1814.798949
Endometrium,15.0,3.0,2.0,10.08.24,1.0,,-3,yes,no,0.0,0.0,1664.117044,1981.091719
Endometrium,15.0,3.0,2.0,10.08.24,1.0,,-3,yes,no,0.0,0.0,2431.121697,2894.192496
Endometrium,15.0,3.0,2.0,10.08.24,1.0,,-3,yes,no,0.0,0.0,1632.670708,1943.655605
Endometrium,15.0,3.0,2.0,10.08.24,1.0,,-3,yes,no,0.0,0.0,2321.832633,2764.086468
Endometrium,15.0,3.0,2.0,10.08.24,1.0,,-3,yes,no,0.0,0.0,3993.43506,4754.089357
Endometrium,15.0,3.0,2.0,10.08.24,1.0,,-3,yes,no,0.0,0.0,2431.367963,2894.48567
Endometrium,15.0,3.0,2.0,10.08.24,1.0,,-3,yes,no,0.0,0.0,2297.221196,2734.787138
Endometrium,15.0,3.0,2.0,10.08.24,1.0,,-3,yes,no,0.0,0.0,3550.994289,4227.374154
Endometrium,15.0,3.0,3.0,10.08.24,1.0,,-3,yes,no,0.0,0.0,3834.796941,4565.234454
Endometrium,15.0,3.0,3.0,10.08.24,1.0,,-3,yes,no,0.0,0.0,3120.557112,3714.948943
Endometrium,15.0,3.0,3.0,10.08.24,1.0,,-3,yes,no,0.0,0.0,2935.394281,3494.517001
Endometrium,15.0,3.0,3.0,10.08.24,1.0,,-3,yes,no,0.0,0.0,3619.682302,4309.145598
Endometrium,15.0,3.0,3.0,10.08.24,1.0,,-3,yes,no,0.0,0.0,2596.006685,3090.484149
Endometrium,15.0,3.0,3.0,10.08.24,1.0,,-3,yes,no,0.0,0.0,2811.351243,3346.846718
Endometrium,15.0,3.0,3.0,10.08.24,1.0,,-3,yes,no,0.0,0.0,2588.314288,3081.326533
Endometrium,15.0,3.0,3.0,10.08.24,1.0,,-3,yes,no,0.0,0.0,2854.10919,3397.749035
Endometrium,15.0,3.0,1.0,14.08.24,1.0,,1,no,no,0.0,0.0,1325.305769,1577.744963
Endometrium,15.0,3.0,1.0,14.08.24,1.0,,1,no,no,0.0,0.0,1839.295901,2189.637977
Endometrium,15.0,3.0,1.0,14.08.24,1.0,,1,no,no,0.0,0.0,1971.638032,2347.188133
Endometrium,15.0,3.0,1.0,14.08.24,1.0,,1,no,no,0.0,0.0,5373.109793,6396.559277
Endometrium,15.0,3.0,1.0,14.08.24,1.0,,1,no,no,0.0,0.0,1585.175138,1887.113259
Endometrium,15.0,3.0,1.0,14.08.24,1.0,,1,no,no,0.0,0.0,696.513698,829.182973
Endometrium,15.0,3.0,1.0,14.08.24,1.0,,1,no,no,0.0,0.0,2970.730882,3536.584384
Endometrium,15.0,3.0,1.0,14.08.24,1.0,,1,no,no,0.0,0.0,1956.186846,2328.793864
Endometrium,15.0,3.0,2.0,14.08.24,1.0,,1,no,no,0.0,0.0,554.544805,660.172387
Endometrium,15.0,3.0,2.0,14.08.24,1.0,,1,no,no,0.0,0.0,620.951351,739.227799
Endometrium,15.0,3.0,2.0,14.08.24,1.0,,1,no,no,0.0,0.0,2070.215247,2464.54196
Endometrium,15.0,3.0,2.0,14.08.24,1.0,,1,no,no,0.0,0.0,804.325492,957.530347
Endometrium,15.0,3.0,2.0,14.08.24,1.0,,1,no,no,0.0,0.0,3435.240246,4089.571721
Endometrium,15.0,3.0,2.0,14.08.24,1.0,,1,no,no,0.0,0.0,4972.446465,5919.579125
Endometrium,15.0,3.0,2.0,14.08.24,1.0,,1,no,no,0.0,0.0,449.806223,535.483598
Endometrium,15.0,3.0,2.0,14.08.24,1.0,,1,no,no,0.0,0.0,2412.00762,2871.437642
Endometrium,15.0,3.0,2.0,14.08.24,1.0,,1,no,no,0.0,0.0,3902.52276,4645.860428
Endometrium,15.0,3.0,2.0,14.08.24,1.0,,1,no,no,0.0,0.0,527.5634,628.051667
Endometrium,15.0,3.0,2.0,14.08.24,1.0,,1,no,no,0.0,0.0,3627.942223,4318.978837
Endometrium,15.0,3.0,3.0,14.08.24,1.0,,1,no,no,0.0,0.0,631.978137,752.354925
Endometrium,15.0,3.0,3.0,14.08.24,1.0,,1,no,no,0.0,0.0,1821.879543,2168.904218
Endometrium,15.0,3.0,3.0,14.08.24,1.0,,1,no,no,0.0,0.0,1435.713313,1709.182515
Endometrium,15.0,3.0,3.0,14.08.24,1.0,,1,no,no,0.0,0.0,1980.453379,2357.682594
Endometrium,15.0,3.0,3.0,14.08.24,1.0,,1,no,no,0.0,0.0,4442.915231,5289.184799
Endometrium,15.0,3.0,3.0,14.08.24,1.0,,1,no,no,0.0,0.0,3238.006262,3854.76936
Endometrium,15.0,3.0,3.0,14.08.24,1.0,,1,no,no,0.0,0.0,1510.780209,1798.547868
Endometrium,15.0,3.0,3.0,14.08.24,1.0,,1,no,no,0.0,0.0,3679.308871,4380.129609
Endometrium,15.0,3.0,3.0,14.08.24,1.0,,1,no,no,0.0,0.0,3878.730752,4617.536609
Endometrium,15.0,3.0,3.0,14.08.24,1.0,,1,no,no,0.0,0.0,2917.034692,3472.660347
Endometrium,15.0,3.0,3.0,14.08.24,1.0,,1,no,no,0.0,0.0,1838.167671,2188.294847
Endometrium,15.0,3.0,1.0,14.08.24,1.0,,1,yes,no,0.0,0.0,720.071941,857.228501
Endometrium,15.0,3.0,1.0,14.08.24,1.0,,1,yes,no,0.0,0.0,582.136839,693.020047
Endometrium,15.0,3.0,1.0,14.08.24,1.0,,1,yes,no,0.0,0.0,5438.759861,6474.71412
Endometrium,15.0,3.0,1.0,14.08.24,1.0,,1,yes,no,0.0,0.0,603.434096,718.373924
Endometrium,15.0,3.0,1.0,14.08.24,1.0,,1,yes,no,0.0,0.0,5405.344425,6434.93384
Endometrium,15.0,3.0,1.0,14.08.24,1.0,,1,yes,no,0.0,0.0,4505.432133,5363.609682
Endometrium,15.0,3.0,1.0,14.08.24,1.0,,1,yes,no,0.0,0.0,354.42262,421.93169
Endometrium,15.0,3.0,2.0,14.08.24,1.0,,1,yes,no,0.0,0.0,1532.252962,1824.110669
Endometrium,15.0,3.0,2.0,14.08.24,1.0,,1,yes,no,0.0,0.0,1799.173786,2141.873555
Endometrium,15.0,3.0,2.0,14.08.24,1.0,,1,yes,no,0.0,0.0,723.366741,861.150883
Endometrium,15.0,3.0,2.0,14.08.24,1.0,,1,yes,no,0.0,0.0,1315.757829,1566.378368
Endometrium,15.0,3.0,2.0,14.08.24,1.0,,1,yes,no,0.0,0.0,1082.595944,1288.804695
Endometrium,15.0,3.0,3.0,14.08.24,1.0,,1,yes,no,0.0,0.0,3065.92531,3649.911083
Endometrium,15.0,3.0,3.0,14.08.24,1.0,,1,yes,no,0.0,0.0,3059.796122,3642.614431
Endometrium,15.0,3.0,3.0,14.08.24,1.0,,1,yes,no,0.0,0.0,1449.541636,1725.644805
Endometrium,15.0,3.0,3.0,14.08.24,1.0,,1,yes,no,0.0,0.0,3272.346526,3895.650626
Endometrium,15.0,3.0,3.0,14.08.24,1.0,,1,yes,no,0.0,0.0,578.465465,688.649363
Endometrium,15.0,3.0,3.0,14.08.24,1.0,,1,yes,no,0.0,0.0,1250.46024,1488.643143
Endometrium,15.0,3.0,3.0,14.08.24,1.0,,1,yes,no,0.0,0.0,4100.780524,4881.881577
Endometrium,15.0,3.0,3.0,14.08.24,1.0,,1,yes,no,0.0,0.0,5494.131753,6540.633039
Endometrium,15.0,3.0,3.0,14.08.24,1.0,,1,yes,no,0.0,0.0,1346.953035,1603.515518
Endometrium,15.0,3.0,1.0,14.08.24,1.0,,1,yes,yes,0.0,0.0,2003.820494,2385.500588
Endometrium,15.0,3.0,1.0,14.08.24,1.0,,1,yes,yes,0.0,0.0,3653.78434,4349.743262
Endometrium,15.0,3.0,1.0,14.08.24,1.0,,1,yes,yes,0.0,0.0,3011.230828,3584.798605
Endometrium,15.0,3.0,1.0,14.08.24,1.0,,1,yes,yes,0.0,0.0,3712.896431,4420.114799
Endometrium,15.0,3.0,1.0,14.08.24,1.0,,1,yes,yes,0.0,0.0,1852.703073,2205.598896
Endometrium,15.0,3.0,1.0,14.08.24,1.0,,1,yes,yes,0.0,0.0,3096.716918,3686.56776
Endometrium,15.0,3.0,1.0,14.08.24,1.0,,1,yes,yes,0.0,0.0,1389.568166,1654.247817
Endometrium,15.0,3.0,2.0,14.08.24,1.0,,1,yes,yes,0.0,0.0,2035.968415,2423.771922
Endometrium,15.0,3.0,2.0,14.08.24,1.0,,1,yes,yes,0.0,0.0,3875.439181,4613.618072
Endometrium,15.0,3.0,2.0,14.08.24,1.0,,1,yes,yes,0.0,0.0,2977.992731,3545.229442
Endometrium,15.0,3.0,2.0,14.08.24,1.0,,1,yes,yes,0.0,0.0,1893.264437,2253.886235
Endometrium,15.0,3.0,2.0,14.08.24,1.0,,1,yes,yes,0.0,0.0,3084.633561,3672.182811
Endometrium,15.0,3.0,2.0,14.08.24,1.0,,1,yes,yes,0.0,0.0,3611.298928,4299.165391
Endometrium,15.0,3.0,3.0,14.08.24,1.0,,1,yes,yes,0.0,0.0,674.761266,803.287221
Endometrium,15.0,3.0,3.0,14.08.24,1.0,,1,yes,yes,0.0,0.0,3072.047936,3657.199924
Endometrium,15.0,3.0,3.0,14.08.24,1.0,,1,yes,yes,0.0,0.0,4710.680211,5607.952633
Endometrium,15.0,3.0,3.0,14.08.24,1.0,,1,yes,yes,0.0,0.0,4038.324652,4807.529348
Endometrium,15.0,3.0,3.0,14.08.24,1.0,,1,yes,yes,0.0,0.0,2008.123673,2390.623421
Endometrium,15.0,3.0,3.0,14.08.24,1.0,,1,yes,yes,0.0,0.0,3199.475191,3808.899037
Endometrium,15.0,3.0,3.0,14.08.24,1.0,,1,yes,yes,0.0,0.0,962.773232,1146.158609
Endometrium,15.0,3.0,4.0,20.08.24,1.0,,7,no,no,0.0,0.0,4134.772388,4922.34808
Endometrium,15.0,3.0,4.0,20.08.24,1.0,,7,no,no,0.0,0.0,4130.910685,4917.750815
Endometrium,15.0,3.0,4.0,20.08.24,1.0,,7,no,no,0.0,0.0,2833.641203,3373.382384
Endometrium,15.0,3.0,4.0,20.08.24,1.0,,7,no,no,0.0,0.0,4329.335499,5153.970832
Endometrium,15.0,3.0,4.0,20.08.24,1.0,,7,no,no,0.0,0.0,2214.932456,2636.824352
Endometrium,15.0,3.0,4.0,20.08.24,1.0,,7,no,no,0.0,0.0,2021.15425,2406.136012
Endometrium,15.0,3.0,4.0,20.08.24,1.0,,7,no,no,0.0,0.0,2583.671372,3075.799253
Endometrium,15.0,3.0,4.0,20.08.24,1.0,,7,no,no,0.0,0.0,1979.599099,2356.665594
Endometrium,15.0,3.0,5.0,20.08.24,1.0,,7,no,no,0.0,0.0,1016.09245,1209.633869
Endometrium,15.0,3.0,5.0,20.08.24,1.0,,7,no,no,0.0,0.0,556.759478,662.808902
Endometrium,15.0,3.0,5.0,20.08.24,1.0,,7,no,no,0.0,0.0,2870.637243,3417.425289
Endometrium,15.0,3.0,5.0,20.08.24,1.0,,7,no,no,0.0,0.0,487.450329,580.298011
Endometrium,15.0,3.0,5.0,20.08.24,1.0,,7,no,no,0.0,0.0,1334.944667,1589.219842
Endometrium,15.0,3.0,5.0,20.08.24,1.0,,7,no,no,0.0,0.0,520.770618,619.965022
Endometrium,15.0,3.0,5.0,20.08.24,1.0,,7,no,no,0.0,0.0,179.176909,213.305844
Endometrium,15.0,3.0,6.0,20.08.24,1.0,,7,no,no,0.0,0.0,3528.576982,4200.686883
Endometrium,15.0,3.0,6.0,20.08.24,1.0,,7,no,no,0.0,0.0,3246.34607,3864.697702
Endometrium,15.0,3.0,6.0,20.08.24,1.0,,7,no,no,0.0,0.0,3212.345244,3824.220528
Endometrium,15.0,3.0,6.0,20.08.24,1.0,,7,no,no,0.0,0.0,4220.557104,5024.472742
Endometrium,15.0,3.0,6.0,20.08.24,1.0,,7,no,no,0.0,0.0,3502.376133,4169.495397
Endometrium,15.0,3.0,4.0,20.08.24,1.0,,7,yes,no,0.0,0.0,244.292644,290.824576
Endometrium,15.0,3.0,4.0,20.08.24,1.0,,7,yes,no,0.0,0.0,312.589103,372.129885
Endometrium,15.0,3.0,4.0,20.08.24,1.0,,7,yes,no,0.0,0.0,253.986736,302.365162
Endometrium,15.0,3.0,4.0,20.08.24,1.0,,7,yes,no,0.0,0.0,211.018594,251.212612
Endometrium,15.0,3.0,4.0,20.08.24,1.0,,7,yes,no,0.0,0.0,306.854502,365.302978
Endometrium,15.0,3.0,4.0,20.08.24,1.0,,7,yes,no,0.0,0.0,172.825852,205.745062
Endometrium,15.0,3.0,4.0,20.08.24,1.0,,7,yes,no,0.0,0.0,211.493623,251.778123
Endometrium,15.0,3.0,4.0,20.08.24,1.0,,7,yes,no,0.0,0.0,326.355054,388.517922
Endometrium,15.0,3.0,5.0,20.08.24,1.0,,7,yes,no,0.0,0.0,461.914875,549.898661
Endometrium,15.0,3.0,5.0,20.08.24,1.0,,7,yes,no,0.0,0.0,386.882639,460.574571
Endometrium,15.0,3.0,5.0,20.08.24,1.0,,7,yes,no,0.0,0.0,3980.945711,4739.221085
Endometrium,15.0,3.0,5.0,20.08.24,1.0,,7,yes,no,0.0,0.0,2991.587431,3561.413609
Endometrium,15.0,3.0,5.0,20.08.24,1.0,,7,yes,no,0.0,0.0,1561.523015,1858.95597
Endometrium,15.0,3.0,6.0,20.08.24,1.0,,7,yes,no,0.0,0.0,4379.769984,5214.011886
Endometrium,15.0,3.0,6.0,20.08.24,1.0,,7,yes,no,0.0,0.0,5593.262352,6658.645657
Endometrium,15.0,3.0,6.0,20.08.24,1.0,,7,yes,no,0.0,0.0,4124.325035,4909.910756
Endometrium,15.0,3.0,6.0,20.08.24,1.0,,7,yes,no,0.0,0.0,5489.944975,6535.64878
Endometrium,15.0,3.0,1.0,20.08.24,1.0,,7,yes,yes,0.0,0.0,2571.506012,3061.316681
Endometrium,15.0,3.0,1.0,20.08.24,1.0,,7,yes,yes,0.0,0.0,2276.305511,2709.887513
Endometrium,15.0,3.0,1.0,20.08.24,1.0,,7,yes,yes,0.0,0.0,4413.783513,5254.504182
Endometrium,15.0,3.0,1.0,20.08.24,1.0,,7,yes,yes,0.0,0.0,2975.679332,3542.475395
Endometrium,15.0,3.0,1.0,20.08.24,1.0,,7,yes,yes,0.0,0.0,1523.378521,1813.545858
Endometrium,15.0,3.0,1.0,20.08.24,1.0,,7,yes,yes,0.0,0.0,2760.283801,3286.052144
Endometrium,15.0,3.0,1.0,20.08.24,1.0,,7,yes,yes,0.0,0.0,3995.648775,4756.724732
Endometrium,15.0,3.0,2.0,20.08.24,1.0,,7,yes,yes,0.0,0.0,253.619403,301.92786
Endometrium,15.0,3.0,2.0,20.08.24,1.0,,7,yes,yes,0.0,0.0,311.074036,370.326234
Endometrium,15.0,3.0,2.0,20.08.24,1.0,,7,yes,yes,0.0,0.0,1383.203633,1646.670992
Endometrium,15.0,3.0,2.0,20.08.24,1.0,,7,yes,yes,0.0,0.0,1586.598163,1888.807336
Endometrium,15.0,3.0,2.0,20.08.24,1.0,,7,yes,yes,0.0,0.0,3284.031806,3909.561674
Endometrium,15.0,3.0,3.0,20.08.24,1.0,,7,yes,yes,0.0,0.0,756.081449,900.096963
Endometrium,15.0,3.0,3.0,20.08.24,1.0,,7,yes,yes,0.0,0.0,2149.025992,2558.364276
Endometrium,15.0,3.0,3.0,20.08.24,1.0,,7,yes,yes,0.0,0.0,653.939463,778.499361
Endometrium,15.0,3.0,3.0,20.08.24,1.0,,7,yes,yes,0.0,0.0,755.784124,899.743005
Endometrium,15.0,3.0,3.0,20.08.24,1.0,,7,yes,yes,0.0,0.0,1603.197646,1908.568627
Endometrium,15.0,3.0,3.0,20.08.24,1.0,,7,yes,yes,0.0,0.0,1114.800254,1327.143159
Endometrium,15.0,3.0,3.0,20.08.24,1.0,,7,yes,yes,0.0,0.0,780.684447,929.386246
Endometrium,16.0,4.0,1.0,23.08.24,1.0,,-3,no,no,0.0,0.0,4044.476544,4814.853029
Endometrium,16.0,4.0,1.0,23.08.24,1.0,,-3,no,no,0.0,0.0,2349.306711,2796.793704
Endometrium,16.0,4.0,1.0,23.08.24,1.0,,-3,no,no,0.0,0.0,694.735882,827.066526
Endometrium,16.0,4.0,1.0,23.08.24,1.0,,-3,no,no,0.0,0.0,817.756925,973.520149
Endometrium,16.0,4.0,1.0,23.08.24,1.0,,-3,no,no,0.0,0.0,2405.899873,2864.166516
Endometrium,16.0,4.0,1.0,23.08.24,1.0,,-3,no,no,0.0,0.0,1702.920086,2027.285817
Endometrium,16.0,4.0,2.0,23.08.24,1.0,,-3,no,no,0.0,0.0,3006.949291,3579.701537
Endometrium,16.0,4.0,2.0,23.08.24,1.0,,-3,no,no,0.0,0.0,4248.879088,5058.18939
Endometrium,16.0,4.0,2.0,23.08.24,1.0,,-3,no,no,0.0,0.0,5355.24508,6375.291762
Endometrium,16.0,4.0,2.0,23.08.24,1.0,,-3,no,no,0.0,0.0,1316.547018,1567.317879
Endometrium,16.0,4.0,2.0,23.08.24,1.0,,-3,no,no,0.0,0.0,5851.270106,6965.797745
Endometrium,16.0,4.0,2.0,23.08.24,1.0,,-3,no,no,0.0,0.0,5614.499619,6683.928118
Endometrium,16.0,4.0,2.0,23.08.24,1.0,,-3,no,no,0.0,0.0,4057.661923,4830.549908
Endometrium,16.0,4.0,2.0,23.08.24,1.0,,-3,no,no,0.0,0.0,4335.89396,5161.778524
Endometrium,16.0,4.0,2.0,23.08.24,1.0,,-3,no,no,0.0,0.0,4592.313884,5467.040338
Endometrium,16.0,4.0,2.0,23.08.24,1.0,,-3,no,no,0.0,0.0,5307.657197,6318.63952
Endometrium,16.0,4.0,2.0,23.08.24,1.0,,-3,no,no,0.0,0.0,3200.293076,3809.87271
Endometrium,16.0,4.0,3.0,23.08.24,1.0,,-3,no,no,0.0,0.0,5285.427665,6292.175791
Endometrium,16.0,4.0,3.0,23.08.24,1.0,,-3,no,no,0.0,0.0,4920.143618,5857.313831
Endometrium,16.0,4.0,3.0,23.08.24,1.0,,-3,no,no,0.0,0.0,5277.446471,6282.67437
Endometrium,16.0,4.0,3.0,23.08.24,1.0,,-3,no,no,0.0,0.0,5295.837433,6304.568373
Endometrium,16.0,4.0,3.0,23.08.24,1.0,,-3,no,no,0.0,0.0,6333.141785,7539.454506
Endometrium,16.0,4.0,1.0,23.08.24,1.0,,-3,yes,no,0.0,0.0,864.236277,1028.852711
Endometrium,16.0,4.0,1.0,23.08.24,1.0,,-3,yes,no,0.0,0.0,661.109829,787.035511
Endometrium,16.0,4.0,1.0,23.08.24,1.0,,-3,yes,no,0.0,0.0,519.81176,618.823524
Endometrium,16.0,4.0,1.0,23.08.24,1.0,,-3,yes,no,0.0,0.0,1287.000775,1532.143779
Endometrium,16.0,4.0,1.0,23.08.24,1.0,,-3,yes,no,0.0,0.0,361.031743,429.799694
Endometrium,16.0,4.0,1.0,23.08.24,1.0,,-3,yes,no,0.0,0.0,653.953846,778.516483
Endometrium,16.0,4.0,1.0,23.08.24,1.0,,-3,yes,no,0.0,0.0,1403.153221,1670.420501
Endometrium,16.0,4.0,1.0,23.08.24,1.0,,-3,yes,no,0.0,0.0,2935.823783,3495.028313
Endometrium,16.0,4.0,1.0,23.08.24,1.0,,-3,yes,no,0.0,0.0,329.266138,391.983497
Endometrium,16.0,4.0,1.0,23.08.24,1.0,,-3,yes,no,0.0,0.0,3069.426406,3654.079054
Endometrium,16.0,4.0,2.0,23.08.24,1.0,,-3,yes,no,0.0,0.0,3537.267081,4211.03224
Endometrium,16.0,4.0,2.0,23.08.24,1.0,,-3,yes,no,0.0,0.0,3134.827951,3731.938037
Endometrium,16.0,4.0,2.0,23.08.24,1.0,,-3,yes,no,0.0,0.0,3904.749232,4648.51099
Endometrium,16.0,4.0,2.0,23.08.24,1.0,,-3,yes,no,0.0,0.0,5030.350736,5988.512781
Endometrium,16.0,4.0,2.0,23.08.24,1.0,,-3,yes,no,0.0,0.0,3735.542272,4447.074133
Endometrium,16.0,4.0,2.0,23.08.24,1.0,,-3,yes,no,0.0,0.0,4806.856316,5722.447995
Endometrium,16.0,4.0,2.0,23.08.24,1.0,,-3,yes,no,0.0,0.0,2750.454712,3274.350848
Endometrium,16.0,4.0,2.0,23.08.24,1.0,,-3,yes,no,0.0,0.0,4576.116841,5447.758144
Endometrium,16.0,4.0,3.0,23.08.24,1.0,,-3,yes,no,0.0,0.0,6670.451163,7941.013289
Endometrium,16.0,4.0,3.0,23.08.24,1.0,,-3,yes,no,0.0,0.0,2549.248011,3034.819061
Endometrium,16.0,4.0,3.0,23.08.24,1.0,,-3,yes,no,0.0,0.0,6312.958442,7515.426717
Endometrium,16.0,4.0,3.0,23.08.24,1.0,,-3,yes,no,0.0,0.0,3046.87316,3627.229952
Endometrium,16.0,4.0,3.0,23.08.24,1.0,,-3,yes,no,0.0,0.0,5683.018176,6765.497829
Endometrium,16.0,4.0,3.0,23.08.24,1.0,,-3,yes,no,0.0,0.0,2380.124836,2833.481948
Endometrium,16.0,4.0,3.0,23.08.24,1.0,,-3,yes,no,0.0,0.0,4245.703933,5054.409444
Endometrium,16.0,4.0,3.0,23.08.24,1.0,,-3,yes,no,0.0,0.0,4621.438098,5501.712021
Endometrium,16.0,4.0,3.0,23.08.24,1.0,,-3,yes,no,0.0,0.0,5978.273517,7116.992283
Endometrium,16.0,4.0,3.0,23.08.24,1.0,,-3,yes,no,0.0,0.0,2669.937775,3178.497352
Endometrium,16.0,4.0,1.0,27.08.24,1.0,,1,no,no,0.0,0.0,4124.154438,4909.707664
Endometrium,16.0,4.0,1.0,27.08.24,1.0,,1,no,no,0.0,0.0,3103.380757,3694.500902
Endometrium,16.0,4.0,1.0,27.08.24,1.0,,1,no,no,0.0,0.0,5846.361072,6959.953657
Endometrium,16.0,4.0,1.0,27.08.24,1.0,,1,no,no,0.0,0.0,3280.693476,3905.587471
Endometrium,16.0,4.0,1.0,27.08.24,1.0,,1,no,no,0.0,0.0,2787.415301,3318.351549
Endometrium,16.0,4.0,1.0,27.08.24,1.0,,1,no,no,0.0,0.0,3461.562576,4120.907829
Endometrium,16.0,4.0,1.0,27.08.24,1.0,,1,no,no,0.0,0.0,1807.218748,2151.450891
Endometrium,16.0,4.0,1.0,27.08.24,1.0,,1,no,no,0.0,0.0,4164.012745,4957.15803
Endometrium,16.0,4.0,1.0,27.08.24,1.0,,1,no,no,0.0,0.0,2094.668977,2493.653545
Endometrium,16.0,4.0,2.0,27.08.24,1.0,,1,no,no,0.0,0.0,2882.564561,3431.624478
Endometrium,16.0,4.0,2.0,27.08.24,1.0,,1,no,no,0.0,0.0,2659.155462,3165.661265
Endometrium,16.0,4.0,2.0,27.08.24,1.0,,1,no,no,0.0,0.0,3609.662589,4297.217368
Endometrium,16.0,4.0,2.0,27.08.24,1.0,,1,no,no,0.0,0.0,601.900323,716.548003
Endometrium,16.0,4.0,2.0,27.08.24,1.0,,1,no,no,0.0,0.0,2907.358031,3461.140513
Endometrium,16.0,4.0,2.0,27.08.24,1.0,,1,no,no,0.0,0.0,5221.666361,6216.269478
Endometrium,16.0,4.0,2.0,27.08.24,1.0,,1,no,no,0.0,0.0,5711.854419,6799.826689
Endometrium,16.0,4.0,2.0,27.08.24,1.0,,1,no,no,0.0,0.0,5748.882428,6843.907653
Endometrium,16.0,4.0,2.0,27.08.24,1.0,,1,no,no,0.0,0.0,3782.793527,4503.325627
Endometrium,16.0,4.0,2.0,27.08.24,1.0,,1,no,no,0.0,0.0,4222.704198,5027.028807
Endometrium,16.0,4.0,2.0,27.08.24,1.0,,1,no,no,0.0,0.0,5262.312912,6264.658229
Endometrium,16.0,4.0,2.0,27.08.24,1.0,,1,no,no,0.0,0.0,5704.271731,6790.79968
Endometrium,16.0,4.0,2.0,27.08.24,1.0,,1,no,no,0.0,0.0,5474.310832,6517.036704
Endometrium,16.0,4.0,2.0,27.08.24,1.0,,1,no,no,0.0,0.0,6134.706564,7303.2221
Endometrium,16.0,4.0,2.0,27.08.24,1.0,,1,no,no,0.0,0.0,3946.485428,4698.196938
Endometrium,16.0,4.0,2.0,27.08.24,1.0,,1,no,no,0.0,0.0,4139.685654,4928.197207
Endometrium,16.0,4.0,2.0,27.08.24,1.0,,1,no,no,0.0,0.0,4139.214635,4927.636471
Endometrium,16.0,4.0,2.0,27.08.24,1.0,,1,no,no,0.0,0.0,3982.109433,4740.606467
Endometrium,16.0,4.0,2.0,27.08.24,1.0,,1,no,no,0.0,0.0,5204.834122,6196.231097
Endometrium,16.0,4.0,3.0,27.08.24,1.0,,1,no,no,0.0,0.0,3022.686972,3598.436872
Endometrium,16.0,4.0,3.0,27.08.24,1.0,,1,no,no,0.0,0.0,2159.121178,2570.382354
Endometrium,16.0,4.0,3.0,27.08.24,1.0,,1,no,no,0.0,0.0,4775.940136,5685.64302
Endometrium,16.0,4.0,3.0,27.08.24,1.0,,1,no,no,0.0,0.0,3786.808297,4508.105116
Endometrium,16.0,4.0,3.0,27.08.24,1.0,,1,no,no,0.0,0.0,3860.442326,4595.764674
Endometrium,16.0,4.0,3.0,27.08.24,1.0,,1,no,no,0.0,0.0,1889.631568,2249.561391
Endometrium,16.0,4.0,3.0,27.08.24,1.0,,1,no,no,0.0,0.0,938.183962,1116.885669
Endometrium,16.0,4.0,3.0,27.08.24,1.0,,1,no,no,0.0,0.0,1116.812551,1329.538751
Endometrium,16.0,4.0,3.0,27.08.24,1.0,,1,no,no,0.0,0.0,2822.987152,3360.698991
Endometrium,16.0,4.0,1.0,27.08.24,1.0,,1,yes,no,0.0,0.0,432.784673,515.219849
Endometrium,16.0,4.0,1.0,27.08.24,1.0,,1,yes,no,0.0,0.0,197.287018,234.865498
Endometrium,16.0,4.0,2.0,27.08.24,1.0,,1,yes,no,0.0,0.0,4900.675912,5834.137991
Endometrium,16.0,4.0,2.0,27.08.24,1.0,,1,yes,no,0.0,0.0,6031.224051,7180.028632
Endometrium,16.0,4.0,2.0,27.08.24,1.0,,1,yes,no,0.0,0.0,4732.562267,5634.002699
Endometrium,16.0,4.0,2.0,27.08.24,1.0,,1,yes,no,0.0,0.0,4174.366077,4969.483425
Endometrium,16.0,4.0,2.0,27.08.24,1.0,,1,yes,no,0.0,0.0,8415.074045,10017.94529
Endometrium,16.0,4.0,2.0,27.08.24,1.0,,1,yes,no,0.0,0.0,2588.898398,3082.021902
Endometrium,16.0,4.0,2.0,27.08.24,1.0,,1,yes,no,0.0,0.0,5831.736069,6942.542939
Endometrium,16.0,4.0,2.0,27.08.24,1.0,,1,yes,no,0.0,0.0,3287.926481,3914.198192
Endometrium,16.0,4.0,2.0,27.08.24,1.0,,1,yes,no,0.0,0.0,3213.162019,3825.19288
Endometrium,16.0,4.0,2.0,27.08.24,1.0,,1,yes,no,0.0,0.0,3551.964525,4228.529196
Endometrium,16.0,4.0,3.0,27.08.24,1.0,,1,yes,no,0.0,0.0,2709.697143,3225.829932
Endometrium,16.0,4.0,3.0,27.08.24,1.0,,1,yes,no,0.0,0.0,1118.072661,1331.038882
Endometrium,16.0,4.0,3.0,27.08.24,1.0,,1,yes,no,0.0,0.0,753.380082,896.88105
Endometrium,16.0,4.0,3.0,27.08.24,1.0,,1,yes,no,0.0,0.0,964.440727,1148.143722
Endometrium,16.0,4.0,3.0,27.08.24,1.0,,1,yes,no,0.0,0.0,857.76426,1021.147928
Endometrium,16.0,4.0,3.0,27.08.24,1.0,,1,yes,no,0.0,0.0,1224.554177,1457.802591
Endometrium,16.0,4.0,4.0,27.08.24,1.0,,1,yes,no,0.0,0.0,2810.718239,3346.093142
Endometrium,16.0,4.0,4.0,27.08.24,1.0,,1,yes,no,0.0,0.0,3596.673936,4281.754685
Endometrium,16.0,4.0,4.0,27.08.24,1.0,,1,yes,no,0.0,0.0,2269.106517,2701.317282
Endometrium,16.0,4.0,4.0,27.08.24,1.0,,1,yes,no,0.0,0.0,1893.515171,2254.184728
Endometrium,16.0,4.0,4.0,27.08.24,1.0,,1,yes,no,0.0,0.0,4235.68324,5042.480048
Endometrium,16.0,4.0,1.0,27.08.24,1.0,,1,yes,yes,0.0,0.0,1915.45514,2280.303738
Endometrium,16.0,4.0,1.0,27.08.24,1.0,,1,yes,yes,0.0,0.0,3980.254579,4738.398309
Endometrium,16.0,4.0,1.0,27.08.24,1.0,,1,yes,yes,0.0,0.0,1393.532227,1658.966937
Endometrium,16.0,4.0,1.0,27.08.24,1.0,,1,yes,yes,0.0,0.0,2210.173888,2631.159391
Endometrium,16.0,4.0,1.0,27.08.24,1.0,,1,yes,yes,0.0,0.0,2559.971983,3047.585694
Endometrium,16.0,4.0,2.0,27.08.24,1.0,,1,yes,yes,0.0,0.0,2350.148683,2797.796051
Endometrium,16.0,4.0,2.0,27.08.24,1.0,,1,yes,yes,0.0,0.0,988.730239,1177.059808
Endometrium,16.0,4.0,2.0,27.08.24,1.0,,1,yes,yes,0.0,0.0,1097.597361,1306.663525
Endometrium,16.0,4.0,2.0,27.08.24,1.0,,1,yes,yes,0.0,0.0,1108.163878,1319.242712
Endometrium,16.0,4.0,2.0,27.08.24,1.0,,1,yes,yes,0.0,0.0,350.526218,417.293117
Endometrium,16.0,4.0,3.0,27.08.24,1.0,,1,yes,yes,0.0,0.0,1895.362256,2256.383638
Endometrium,16.0,4.0,3.0,27.08.24,1.0,,1,yes,yes,0.0,0.0,2130.992252,2536.895538
Endometrium,16.0,4.0,3.0,27.08.24,1.0,,1,yes,yes,0.0,0.0,796.703575,948.456637
Endometrium,16.0,4.0,3.0,27.08.24,1.0,,1,yes,yes,0.0,0.0,2070.363865,2464.718887
Endometrium,16.0,4.0,3.0,27.08.24,1.0,,1,yes,yes,0.0,0.0,2559.34902,3046.844071
Endometrium,16.0,4.0,3.0,27.08.24,1.0,,1,yes,yes,0.0,0.0,1117.970458,1330.917212
Endometrium,16.0,4.0,3.0,27.08.24,1.0,,1,yes,yes,0.0,0.0,1207.197839,1437.140284
Endometrium,16.0,5.0,1.0,21.09.24,1.0,7.48,-3,no,no,0.0,0.0,2471.355727,2942.090151
Endometrium,16.0,5.0,1.0,21.09.24,1.0,7.48,-3,no,no,0.0,0.0,2756.255441,3281.256478
Endometrium,16.0,5.0,1.0,21.09.24,1.0,7.48,-3,no,no,0.0,0.0,4290.223425,5107.408839
Endometrium,16.0,5.0,1.0,21.09.24,1.0,7.48,-3,no,no,0.0,0.0,2744.215881,3266.923668
Endometrium,16.0,5.0,1.0,21.09.24,1.0,7.48,-3,no,no,0.0,0.0,1491.514226,1775.612173
Endometrium,16.0,5.0,2.0,21.09.24,1.0,7.48,-3,no,no,0.0,0.0,6068.180251,7224.024108
Endometrium,16.0,5.0,2.0,21.09.24,1.0,7.48,-3,no,no,0.0,0.0,5566.377785,6626.64022
Endometrium,16.0,5.0,3.0,21.09.24,1.0,7.48,-3,no,no,0.0,0.0,6531.37729,7775.449155
Endometrium,16.0,5.0,3.0,21.09.24,1.0,7.48,-3,no,no,0.0,0.0,3309.771377,3940.204021
Endometrium,16.0,5.0,3.0,21.09.24,1.0,7.48,-3,no,no,0.0,0.0,4506.785684,5365.221052
Endometrium,16.0,5.0,3.0,21.09.24,1.0,7.48,-3,no,no,0.0,0.0,5774.817972,6874.7833
Endometrium,16.0,5.0,1.0,21.09.24,1.0,7.5,-3,yes,no,0.0,0.0,2442.774341,2908.064692
Endometrium,16.0,5.0,1.0,21.09.24,1.0,7.5,-3,yes,no,0.0,0.0,2685.803016,3197.384543
Endometrium,16.0,5.0,1.0,21.09.24,1.0,7.5,-3,yes,no,0.0,0.0,2714.886296,3232.007496
Endometrium,16.0,5.0,1.0,21.09.24,1.0,7.5,-3,yes,no,0.0,0.0,3143.298304,3742.021791
Endometrium,16.0,5.0,1.0,25.09.24,1.0,7.5,1,no,no,0.0,0.0,4941.656178,5882.924021
Endometrium,16.0,5.0,1.0,25.09.24,1.0,7.5,1,no,no,0.0,0.0,3983.051165,4741.727577
Endometrium,16.0,5.0,1.0,25.09.24,1.0,7.5,1,no,no,0.0,0.0,2437.791925,2902.133244
Endometrium,16.0,5.0,1.0,25.09.24,1.0,7.5,1,no,no,0.0,0.0,2731.20383,3251.43313
Endometrium,16.0,5.0,1.0,25.09.24,1.0,7.48,1,no,no,0.0,0.0,3999.535042,4761.351241
Endometrium,16.0,5.0,2.0,25.09.24,1.0,7.48,1,no,no,0.0,0.0,3963.355152,4718.279943
Endometrium,16.0,5.0,2.0,25.09.24,1.0,7.48,1,no,no,0.0,0.0,5461.247318,6501.484903
Endometrium,16.0,5.0,3.0,25.09.24,1.0,7.48,1,no,no,0.0,0.0,1336.842137,1591.478734
Endometrium,16.0,5.0,3.0,25.09.24,1.0,7.48,1,no,no,0.0,0.0,1541.09195,1834.633274
Endometrium,16.0,5.0,3.0,25.09.24,1.0,7.48,1,no,no,0.0,0.0,925.007739,1101.199689
Endometrium,16.0,5.0,3.0,25.09.24,1.0,7.48,1,no,no,0.0,0.0,1037.879599,1235.570951
Endometrium,16.0,5.0,3.0,25.09.24,1.0,7.48,1,no,no,0.0,0.0,1227.795815,1461.661685
Endometrium,16.0,5.0,3.0,25.09.24,1.0,7.48,1,no,no,0.0,0.0,1814.267002,2159.84167
Endometrium,16.0,5.0,3.0,25.09.24,1.0,7.48,1,no,no,0.0,0.0,3648.113738,4342.992545
Endometrium,16.0,5.0,1.0,25.09.24,1.0,7.5,1,yes,no,0.0,0.0,662.049074,788.153659
Endometrium,16.0,5.0,1.0,25.09.24,1.0,7.5,1,yes,no,0.0,0.0,1380.994629,1644.041225
Endometrium,16.0,5.0,1.0,25.09.24,1.0,7.5,1,yes,no,0.0,0.0,1997.159112,2377.570371
Endometrium,16.0,5.0,2.0,25.09.24,1.0,7.5,1,yes,no,0.0,0.0,4107.217143,4889.544218
Endometrium,16.0,5.0,2.0,25.09.24,1.0,7.5,1,yes,no,0.0,0.0,7247.098619,8627.498356
Endometrium,16.0,5.0,2.0,25.09.24,1.0,7.5,1,yes,no,0.0,0.0,1827.732182,2175.871646
Endometrium,16.0,5.0,2.0,25.09.24,1.0,7.5,1,yes,no,0.0,0.0,2831.68098,3371.048786
Endometrium,16.0,5.0,2.0,25.09.24,1.0,7.5,1,yes,no,0.0,0.0,1829.117689,2177.521058
Endometrium,16.0,5.0,2.0,25.09.24,1.0,7.5,1,yes,no,0.0,0.0,1312.303659,1562.26626
Endometrium,16.0,5.0,3.0,25.09.24,1.0,7.5,1,yes,no,0.0,0.0,2584.008178,3076.200212
Endometrium,16.0,5.0,3.0,25.09.24,1.0,7.5,1,yes,no,0.0,0.0,2886.274284,3436.040814
Endometrium,16.0,5.0,3.0,25.09.24,1.0,7.5,1,yes,no,0.0,0.0,4657.406538,5544.531593
Endometrium,16.0,5.0,3.0,25.09.24,1.0,7.5,1,yes,no,0.0,0.0,5503.766889,6552.10344
Endometrium,16.0,5.0,3.0,25.09.24,1.0,7.5,1,yes,no,0.0,0.0,2623.70353,3123.456583
Endometrium,16.0,5.0,3.0,25.09.24,1.0,7.5,1,yes,no,0.0,0.0,2400.390141,2857.607311
Endometrium,16.0,5.0,1.0,25.09.24,1.0,7.5,1,yes,yes,0.0,0.0,1540.657303,1834.115837
Endometrium,16.0,5.0,1.0,25.09.24,1.0,7.5,1,yes,yes,0.0,0.0,2470.934593,2941.588801
Endometrium,16.0,5.0,1.0,25.09.24,1.0,7.5,1,yes,yes,0.0,0.0,1339.717191,1594.901418
Endometrium,16.0,5.0,1.0,25.09.24,1.0,7.5,1,yes,yes,0.0,0.0,914.562534,1088.764922
Endometrium,16.0,5.0,2.0,25.09.24,1.0,7.5,1,yes,yes,0.0,0.0,983.753629,1171.135273
Endometrium,16.0,5.0,2.0,25.09.24,1.0,7.5,1,yes,yes,0.0,0.0,6613.106445,7872.745768
Endometrium,16.0,5.0,2.0,25.09.24,1.0,7.5,1,yes,yes,0.0,0.0,1005.764312,1197.338467
Endometrium,16.0,5.0,2.0,25.09.24,1.0,7.5,1,yes,yes,0.0,0.0,2054.685593,2446.054277
Endometrium,16.0,5.0,2.0,25.09.24,1.0,7.5,1,yes,yes,0.0,0.0,1082.83156,1289.08519
Endometrium,16.0,5.0,3.0,25.09.24,1.0,7.5,1,yes,yes,0.0,0.0,1308.201589,1557.382844
Endometrium,16.0,5.0,3.0,25.09.24,1.0,7.5,1,yes,yes,0.0,0.0,823.432643,980.276956
Endometrium,16.0,5.0,3.0,25.09.24,1.0,7.5,1,yes,yes,0.0,0.0,701.294657,834.874592
Endometrium,16.0,5.0,1.0,01.10.24,1.0,7.5,7,no,no,0.0,0.0,1919.915589,2559.887453
Endometrium,16.0,5.0,1.0,01.10.24,1.0,7.48,7,no,no,0.0,0.0,871.158103,1161.544138
Endometrium,16.0,5.0,1.0,01.10.24,1.0,7.48,7,no,no,0.0,0.0,689.766939,919.689252
Endometrium,16.0,5.0,1.0,01.10.24,1.0,7.48,7,no,no,0.0,0.0,2002.260688,2669.680918
Endometrium,16.0,5.0,1.0,01.10.24,1.0,7.48,7,no,no,0.0,0.0,1758.945992,2345.261323
Endometrium,16.0,5.0,1.0,01.10.24,1.0,7.48,7,no,no,0.0,0.0,1422.326116,1896.434822
Endometrium,16.0,5.0,1.0,01.10.24,1.0,7.48,7,no,no,0.0,0.0,985.539295,1314.052394
Endometrium,16.0,5.0,2.0,01.10.24,1.0,7.48,7,no,no,0.0,0.0,1384.370485,1845.827313
Endometrium,16.0,5.0,2.0,01.10.24,1.0,7.48,7,no,no,0.0,0.0,1647.859711,2197.146282
Endometrium,16.0,5.0,2.0,01.10.24,1.0,7.48,7,no,no,0.0,0.0,1892.66687,2523.555827
Endometrium,16.0,5.0,2.0,01.10.24,1.0,7.48,7,no,no,0.0,0.0,2879.893077,3839.857436
Endometrium,16.0,5.0,2.0,01.10.24,1.0,7.48,7,no,no,0.0,0.0,2393.816557,3191.75541
Endometrium,16.0,5.0,2.0,01.10.24,1.0,7.48,7,no,no,0.0,0.0,3452.047293,4602.729724
Endometrium,16.0,5.0,2.0,01.10.24,1.0,7.48,7,no,no,0.0,0.0,1704.76997,2273.026627
Endometrium,16.0,5.0,3.0,01.10.24,1.0,7.48,7,no,no,0.0,0.0,2289.821214,3053.094953
Endometrium,16.0,5.0,3.0,01.10.24,1.0,7.48,7,no,no,0.0,0.0,2127.360642,2836.480856
Endometrium,16.0,5.0,3.0,01.10.24,1.0,7.48,7,no,no,0.0,0.0,3011.063063,4014.75075
Endometrium,16.0,5.0,3.0,01.10.24,1.0,7.48,7,no,no,0.0,0.0,1906.139138,2541.518851
Endometrium,16.0,5.0,3.0,01.10.24,1.0,7.48,7,no,no,0.0,0.0,3225.546866,4300.729155
Endometrium,16.0,5.0,3.0,01.10.24,1.0,7.48,7,no,no,0.0,0.0,3210.861027,4281.148035
Endometrium,16.0,5.0,3.0,01.10.24,1.0,7.48,7,no,no,0.0,0.0,3043.496715,4057.99562
Endometrium,16.0,5.0,3.0,01.10.24,1.0,7.48,7,no,no,0.0,0.0,2911.083019,3881.444026
Endometrium,16.0,5.0,1.0,01.10.24,1.0,7.5,7,yes,no,0.0,0.0,1647.237658,2196.316877
Endometrium,16.0,5.0,1.0,01.10.24,1.0,7.5,7,yes,no,0.0,0.0,1756.529335,2342.039114
Endometrium,16.0,5.0,1.0,01.10.24,1.0,7.5,7,yes,no,0.0,0.0,1523.923576,2031.898101
Endometrium,16.0,5.0,1.0,01.10.24,1.0,7.5,7,yes,no,0.0,0.0,1511.375363,2015.16715
Endometrium,16.0,5.0,1.0,01.10.24,1.0,7.5,7,yes,no,0.0,0.0,1114.49967,1485.999559
Endometrium,16.0,5.0,2.0,01.10.24,1.0,7.5,7,yes,no,0.0,0.0,2438.377868,3251.17049
Endometrium,16.0,5.0,2.0,01.10.24,1.0,7.5,7,yes,no,0.0,0.0,956.66022,1275.54696
Endometrium,16.0,5.0,2.0,01.10.24,1.0,7.5,7,yes,no,0.0,0.0,326.327822,435.103763
Endometrium,16.0,5.0,2.0,01.10.24,1.0,7.5,7,yes,no,0.0,0.0,398.132763,530.843685
Endometrium,16.0,5.0,2.0,01.10.24,1.0,7.5,7,yes,no,0.0,0.0,554.903096,739.870795
Endometrium,16.0,5.0,2.0,01.10.24,1.0,7.5,7,yes,no,0.0,0.0,577.501561,770.002081
Endometrium,16.0,5.0,2.0,01.10.24,1.0,7.5,7,yes,no,0.0,0.0,588.476151,784.634868
Endometrium,16.0,5.0,3.0,01.10.24,1.0,7.5,7,yes,no,0.0,0.0,335.705077,447.606769
Endometrium,16.0,5.0,3.0,01.10.24,1.0,7.5,7,yes,no,0.0,0.0,496.305273,661.740364
Endometrium,16.0,5.0,1.0,01.10.24,1.0,7.5,7,yes,yes,0.0,0.0,664.221959,885.629279
Endometrium,16.0,5.0,1.0,01.10.24,1.0,7.5,7,yes,yes,0.0,0.0,1130.297056,1507.062741
Endometrium,16.0,5.0,1.0,01.10.24,1.0,7.5,7,yes,yes,0.0,0.0,1574.680394,2099.573858
Endometrium,16.0,5.0,1.0,01.10.24,1.0,7.5,7,yes,yes,0.0,0.0,2620.182828,3493.577104
Endometrium,16.0,5.0,1.0,01.10.24,1.0,7.5,7,yes,yes,0.0,0.0,344.767137,459.689516
Endometrium,16.0,5.0,2.0,01.10.24,1.0,7.5,7,yes,yes,0.0,0.0,2145.795569,2861.060758
Endometrium,16.0,5.0,2.0,01.10.24,1.0,7.5,7,yes,yes,0.0,0.0,1799.568958,2399.425277
Endometrium,16.0,5.0,2.0,01.10.24,1.0,7.5,7,yes,yes,0.0,0.0,1071.608895,1428.811859
Endometrium,16.0,5.0,2.0,01.10.24,1.0,7.5,7,yes,yes,0.0,0.0,1382.669215,1843.558954
Endometrium,16.0,5.0,3.0,02.10.24,1.0,7.5,7,yes,yes,0.0,0.0,3729.23324,4972.310987
Endometrium,16.0,5.0,3.0,02.10.24,1.0,7.5,7,yes,yes,0.0,0.0,2121.937981,2829.250642
Endometrium,16.0,5.0,3.0,02.10.24,1.0,7.5,7,yes,yes,0.0,0.0,3668.638776,4891.518368
Endometrium,16.0,5.0,3.0,02.10.24,1.0,7.5,7,yes,yes,0.0,0.0,3445.989127,4594.652169
Endometrium,16.0,5.0,3.0,02.10.24,1.0,7.5,7,yes,yes,0.0,0.0,3649.788643,4866.384857
Endometrium,16.0,5.0,3.0,02.10.24,1.0,7.5,7,yes,yes,0.0,0.0,1695.939112,2261.252149
Endometrium,16.0,5.0,3.0,02.10.24,1.0,7.5,7,yes,yes,0.0,0.0,1354.128743,1805.504991
Endometrium,16.0,5.0,3.0,02.10.24,1.0,7.5,7,yes,yes,0.0,0.0,2996.638059,3995.517412
Endometrium,16.0,5.0,4.0,02.10.24,1.0,7.5,7,yes,yes,0.0,0.0,362.357639,483.143519
Endometrium,16.0,5.0,4.0,02.10.24,1.0,7.5,7,yes,yes,0.0,0.0,762.80813,1017.077507
Endometrium,16.0,5.0,4.0,02.10.24,1.0,7.5,7,yes,yes,0.0,0.0,578.273738,771.03165
Endometrium,16.0,5.0,4.0,02.10.24,1.0,7.5,7,yes,yes,0.0,0.0,2991.298742,3988.398323
Endometrium,16.0,5.0,4.0,02.10.24,1.0,7.5,7,yes,yes,0.0,0.0,330.28211,440.376146
Endometrium,16.0,5.0,4.0,02.10.24,1.0,7.5,7,yes,yes,0.0,0.0,365.770014,487.693352
